Datetime,Open,High,Low,Close,Volume
2025-08-15 09:30:00-04:00,23802.044921875,23802.044921875,23686.80859375,23781.255859375,0
2025-08-15 10:30:00-04:00,23762.943359375,23764.001953125,23703.3359375,23717.48828125,153606265
2025-08-15 11:30:00-04:00,23713.0625,23725.328125,23654.658203125,23684.255859375,143300840
2025-08-15 12:30:00-04:00,23678.736328125,23734.8046875,23675.447265625,23715.6640625,122500519
2025-08-15 13:30:00-04:00,23716.333984375,23748.31640625,23713.767578125,23730.8046875,99389363
2025-08-15 14:30:00-04:00,23736.763671875,23737.021484375,23696.58203125,23720.02734375,120357663
2025-08-15 15:30:00-04:00,23719.267578125,23734.740234375,23710.69921875,23711.177734375,121488000
2025-08-18 09:30:00-04:00,23705.998046875,23730.572265625,23656.744140625,23700.294921875,0
2025-08-18 10:30:00-04:00,23686.041015625,23699.5859375,23637.927734375,23664.166015625,130477611
2025-08-18 11:30:00-04:00,23659.998046875,23689.794921875,23648.375,23684.73828125,102709269
2025-08-18 12:30:00-04:00,23688.94921875,23689.130859375,23637.73046875,23682.701171875,131896001
2025-08-18 13:30:00-04:00,23708.626953125,23709.244140625,23666.162109375,23677.861328125,89373099
2025-08-18 14:30:00-04:00,23691.56640625,23723.302734375,23686.986328125,23703.123046875,92064613
2025-08-18 15:30:00-04:00,23699.9765625,23728.08984375,23699.259765625,23727.50390625,88969307
2025-08-19 09:30:00-04:00,23682.380859375,23694.1015625,23566.2109375,23604.8828125,0
2025-08-19 10:30:00-04:00,23544.369140625,23558.75,23442.40234375,23474.154296875,224074983
2025-08-19 11:30:00-04:00,23496.435546875,23504.125,23440.5625,23458.66015625,132692216
2025-08-19 12:30:00-04:00,23446.27734375,23451.501953125,23365.865234375,23408.4921875,138077954
2025-08-19 13:30:00-04:00,23409.740234375,23431.033203125,23387.484375,23393.666015625,110051075
2025-08-19 14:30:00-04:00,23394.587890625,23397.337890625,23347.20703125,23376.04296875,116689812
2025-08-19 15:30:00-04:00,23380.19921875,23388.548828125,23363.359375,23367.25,91526000
2025-08-20 09:30:00-04:00,23343.412109375,23343.412109375,22996.62109375,23054.33984375,0
2025-08-20 10:30:00-04:00,23018.58203125,23150.458984375,22961.623046875,23150.458984375,228868565
2025-08-20 11:30:00-04:00,23148.19140625,23204.28125,23084.86328125,23199.671875,142643979
2025-08-20 12:30:00-04:00,23219.689453125,23220.80859375,23152.255859375,23160.869140625,116859030
2025-08-20 13:30:00-04:00,23170.1328125,23235.970703125,23125.775390625,23146.71484375,105188974
2025-08-20 14:30:00-04:00,23131.51953125,23270.0390625,23131.51953125,23269.205078125,98730452
2025-08-20 15:30:00-04:00,23241.841796875,23270.42578125,23239.896484375,23247.314453125,128106000
2025-08-21 09:30:00-04:00,23182.7578125,23242.3359375,23108.18359375,23242.3359375,0
2025-08-21 10:30:00-04:00,23222.353515625,23225.59765625,23137.43359375,23182.740234375,128762360
2025-08-21 11:30:00-04:00,23180.578125,23212.09765625,23099.98046875,23104.7734375,94570785
2025-08-21 12:30:00-04:00,23113.193359375,23132.064453125,23047.587890625,23068.212890625,80391238
2025-08-21 13:30:00-04:00,23070.310546875,23141.10546875,23069.494140625,23122.275390625,74919840
2025-08-21 14:30:00-04:00,23114.501953125,23172.775390625,23113.4921875,23163.708984375,81631848
2025-08-21 15:30:00-04:00,23157.939453125,23158.14453125,23132.37109375,23137.28125,80030102
2025-08-22 09:30:00-04:00,23154.677734375,23530.40234375,23142.4296875,23457.314453125,0
2025-08-22 10:30:00-04:00,23485.2734375,23572.951171875,23483.5703125,23537.9765625,210047370
2025-08-22 11:30:00-04:00,23546.0234375,23564.794921875,23458.03125,23458.583984375,130147017
2025-08-22 12:30:00-04:00,23472.90625,23544.5859375,23439.201171875,23544.5859375,117545042
2025-08-22 13:30:00-04:00,23536.806640625,23549.55859375,23517.162109375,23524.802734375,125473512
2025-08-22 14:30:00-04:00,23526.439453125,23540.564453125,23498.49609375,23505.3359375,126850113
2025-08-22 15:30:00-04:00,23503.994140625,23506.482421875,23460.50390625,23489.515625,128723000
2025-08-25 09:30:00-04:00,23437.9921875,23493.552734375,23382.95703125,23471.2578125,0
2025-08-25 10:30:00-04:00,23482.11328125,23533.478515625,23468.302734375,23532.037109375,148535871
2025-08-25 11:30:00-04:00,23529.21484375,23545.51953125,23515.099609375,23531.916015625,114367244
2025-08-25 12:30:00-04:00,23524.3515625,23542.595703125,23509.369140625,23512.52734375,105704188
2025-08-25 13:30:00-04:00,23514.255859375,23520.580078125,23492.53515625,23497.5625,97558060
2025-08-25 14:30:00-04:00,23497.19140625,23503.375,23480.412109375,23482.162109375,95202805
2025-08-25 15:30:00-04:00,23485.47265625,23488.16796875,23421.259765625,23425.58984375,113881730
2025-08-26 09:30:00-04:00,23419.09375,23481.9609375,23376.86328125,23479.0546875,224204456
2025-08-26 10:30:00-04:00,23476.166015625,23482.28125,23451.03515625,23457.568359375,135557560
2025-08-26 11:30:00-04:00,23444.248046875,23489.759765625,23437.40234375,23478.71484375,106219374
2025-08-26 12:30:00-04:00,23482.1875,23482.423828125,23454.345703125,23472.08984375,74399088
2025-08-26 13:30:00-04:00,23464.24609375,23467.98046875,23418.51171875,23466.279296875,73257715
2025-08-26 14:30:00-04:00,23476.923828125,23506.837890625,23469.138671875,23499.326171875,96276584
2025-08-26 15:30:00-04:00,23499.04296875,23523.26953125,23467.439453125,23519.73046875,109224394
2025-08-27 09:30:00-04:00,23499.673828125,23544.064453125,23439.52734375,23537.154296875,0
2025-08-27 10:30:00-04:00,23537.314453125,23548.140625,23528.171875,23530.533203125,119007299
2025-08-27 11:30:00-04:00,23528.490234375,23564.056640625,23489.29296875,23490.455078125,101454200
2025-08-27 12:30:00-04:00,23507.361328125,23546.791015625,23491.728515625,23541.66015625,92716784
2025-08-27 13:30:00-04:00,23545.14453125,23590.8984375,23543.16015625,23585.654296875,74325618
2025-08-27 14:30:00-04:00,23585.90625,23586.4609375,23507.630859375,23538.29296875,94342852
2025-08-27 15:30:00-04:00,23539.916015625,23580.896484375,23538.7265625,23578.595703125,105726054
2025-08-28 09:30:00-04:00,23620.876953125,23676.40625,23516.478515625,23570.66796875,0
2025-08-28 10:30:00-04:00,23571.08984375,23687.376953125,23571.08984375,23624.41015625,134064775
2025-08-28 11:30:00-04:00,23616.109375,23699.595703125,23616.109375,23695.91015625,105020727
2025-08-28 12:30:00-04:00,23673.234375,23696.833984375,23665.4140625,23695.826171875,76127987
2025-08-28 13:30:00-04:00,23697.640625,23716.265625,23694.232421875,23715.46484375,84596786
2025-08-28 14:30:00-04:00,23715.537109375,23731.59375,23710.9765625,23716.279296875,98526858
2025-08-28 15:30:00-04:00,23710.55859375,23733.9375,23703.33984375,23704.693359375,110681672
2025-08-29 09:30:00-04:00,23604.23046875,23604.904296875,23387.259765625,23446.970703125,0
2025-08-29 10:30:00-04:00,23447.34375,23463.6015625,23371.9921875,23433.890625,139929723
2025-08-29 11:30:00-04:00,23435.65625,23437.6484375,23379.087890625,23404.384765625,99229588
2025-08-29 12:30:00-04:00,23405.8515625,23438.43359375,23355.62109375,23375.70703125,94955275
2025-08-29 13:30:00-04:00,23377.333984375,23421.89453125,23369.287109375,23390.912109375,96008423
2025-08-29 14:30:00-04:00,23391.916015625,23435.45703125,23390.615234375,23415.3671875,95702104
2025-08-29 15:30:00-04:00,23416.1875,23444.2265625,23375.794921875,23418.880859375,130423991
2025-09-02 09:30:00-04:00,23021.7890625,23227.6640625,22982.435546875,23209.197265625,0
2025-09-02 10:30:00-04:00,23206.267578125,23209.23828125,23052.052734375,23067.24609375,157297655
2025-09-02 11:30:00-04:00,23063.552734375,23063.552734375,22983.7890625,23023.3515625,130718730
2025-09-02 12:30:00-04:00,23023.158203125,23121.068359375,23023.158203125,23115.384765625,93310256
2025-09-02 13:30:00-04:00,23114.599609375,23175.478515625,23114.599609375,23119.765625,94203631
2025-09-02 14:30:00-04:00,23120.548828125,23193.2109375,23114.576171875,23187.92578125,97227447
2025-09-02 15:30:00-04:00,23188.654296875,23240.953125,23186.619140625,23232.794921875,107596064
2025-09-03 09:30:00-04:00,23387.193359375,23422.896484375,23332.21875,23395.00390625,0
2025-09-03 10:30:00-04:00,23395.119140625,23477.576171875,23380.611328125,23382.955078125,165187029
2025-09-03 11:30:00-04:00,23380.677734375,23421.154296875,23364.46875,23393.185546875,113146479
2025-09-03 12:30:00-04:00,23393.57421875,23416.728515625,23353.173828125,23384.765625,97362354
2025-09-03 13:30:00-04:00,23389.712890625,23390.517578125,23294.5546875,23309.001953125,111758788
2025-09-03 14:30:00-04:00,23294.03515625,23317.751953125,23282.013671875,23316.3125,107508366
2025-09-03 15:30:00-04:00,23317.7421875,23397.80078125,23317.126953125,23396.736328125,125255010
2025-09-04 09:30:00-04:00,23423.412109375,23504.193359375,23378.015625,23435.421875,242669118
2025-09-04 10:30:00-04:00,23451.94140625,23509.076171875,23451.703125,23503.7109375,147032162
2025-09-04 11:30:00-04:00,23497.6640625,23510.373046875,23475.94140625,23486.755859375,103457565
2025-09-04 12:30:00-04:00,23487.6640625,23535.99609375,23485.419921875,23535.8203125,93651373
2025-09-04 13:30:00-04:00,23530.794921875,23559.125,23523.978515625,23555.0390625,91728381
2025-09-04 14:30:00-04:00,23561.921875,23599.0078125,23561.921875,23591.484375,99661608
2025-09-04 15:30:00-04:00,23587.318359375,23637.783203125,23582.40234375,23625.78125,120323909
2025-09-05 09:30:00-04:00,23841.98046875,23860.251953125,23608.98828125,23619.3125,420507670
2025-09-05 10:30:00-04:00,23617.734375,23626.998046875,23477.021484375,23599.30859375,206163636
2025-09-05 11:30:00-04:00,23589.5390625,23632.9140625,23565.94140625,23585.947265625,132562950
2025-09-05 12:30:00-04:00,23593.423828125,23621.79296875,23563.384765625,23600.37109375,102580653
2025-09-05 13:30:00-04:00,23598.478515625,23616.87109375,23557.1171875,23608.095703125,99415649
2025-09-05 14:30:00-04:00,23612.173828125,23654.28125,23600.677734375,23652.802734375,117927442
2025-09-05 15:30:00-04:00,23629.017578125,23652.271484375,23622.474609375,23651.09765625,130451000
2025-09-08 09:30:00-04:00,23743.826171875,23836.18359375,23737.943359375,23820.77734375,0
2025-09-08 10:30:00-04:00,23828.595703125,23851.40625,23809.439453125,23830.634765625,155885323
2025-09-08 11:30:00-04:00,23837.81640625,23839.326171875,23788.931640625,23795.21484375,110825492
2025-09-08 12:30:00-04:00,23787.5859375,23787.5859375,23752.30078125,23771.77734375,88773383
2025-09-08 13:30:00-04:00,23770.16796875,23781.984375,23739.505859375,23773.515625,86637732
2025-09-08 14:30:00-04:00,23777.8515625,23780.05859375,23728.271484375,23734.080078125,93414939
2025-09-08 15:30:00-04:00,23735.640625,23772.9453125,23735.640625,23763.416015625,109691710
2025-09-09 09:30:00-04:00,23824.33203125,23824.33203125,23749.212890625,23780.265625,0
2025-09-09 10:30:00-04:00,23779.171875,23779.171875,23701.931640625,23753.3359375,124499899
2025-09-09 11:30:00-04:00,23752.220703125,23802.3203125,23725.048828125,23785.306640625,98962028
2025-09-09 12:30:00-04:00,23784.732421875,23824.607421875,23775.845703125,23808.478515625,84098821
2025-09-09 13:30:00-04:00,23806.33984375,23815.396484375,23792.96875,23799.99609375,87923570
2025-09-09 14:30:00-04:00,23800.64453125,23828.703125,23790.630859375,23827.544921875,108065190
2025-09-09 15:30:00-04:00,23823.529296875,23852.267578125,23804.51171875,23838.15234375,103948159
2025-09-10 09:30:00-04:00,23931.32421875,23956.876953125,23887.318359375,23937.603515625,0
2025-09-10 10:30:00-04:00,23945.822265625,23956.62890625,23896.162109375,23903.6484375,182823811
2025-09-10 11:30:00-04:00,23902.359375,23935.94140625,23885.5703125,23887.0703125,129180107
2025-09-10 12:30:00-04:00,23890.8125,23900.76953125,23848.88671875,23851.02734375,100107720
2025-09-10 13:30:00-04:00,23850.228515625,23879.751953125,23816.921875,23820.958984375,101392152
2025-09-10 14:30:00-04:00,23824.951171875,23845.955078125,23762.7421875,23781.837890625,130092406
2025-09-10 15:30:00-04:00,23806.517578125,23861.79296875,23792.27734375,23858.970703125,129743000
2025-09-11 09:30:00-04:00,23956.56640625,23971.251953125,23883.96484375,23929.03125,0
2025-09-11 10:30:00-04:00,23950.3984375,24012.91796875,23947.08203125,24006.021484375,167915979
2025-09-11 11:30:00-04:00,24008.3203125,24016.525390625,23977.986328125,23999.208984375,123744559
2025-09-11 12:30:00-04:00,23995.033203125,24000.822265625,23969.88671875,23997.11328125,100096379
2025-09-11 13:30:00-04:00,23985.6953125,24005.744140625,23979.376953125,23987.728515625,240234650
2025-09-11 14:30:00-04:00,23993.20703125,24012.248046875,23990.814453125,24005.990234375,140074832
2025-09-11 15:30:00-04:00,24004.646484375,24011.716796875,23998.462890625,24007.98828125,127334000
2025-09-12 09:30:00-04:00,24035.30078125,24053.181640625,23983.6328125,24046.95703125,0
2025-09-12 10:30:00-04:00,24046.310546875,24094.6875,24045.87109375,24067.291015625,189565331
2025-09-12 11:30:00-04:00,24072.1953125,24089.111328125,24053.357421875,24086.5546875,139935811
2025-09-12 12:30:00-04:00,24085.578125,24101.326171875,24078.779296875,24083.7578125,124219497
2025-09-12 13:30:00-04:00,24086.498046875,24103.51171875,24072.986328125,24102.44140625,132892542
2025-09-12 14:30:00-04:00,24098.271484375,24136.677734375,24096.642578125,24102.310546875,133515709
2025-09-12 15:30:00-04:00,24102.583984375,24108.076171875,24069.294921875,24106.677734375,124991000
2025-09-15 09:30:00-04:00,24180.287109375,24245.712890625,24175.166015625,24227.7265625,0
2025-09-15 10:30:00-04:00,24236.6796875,24249.06640625,24227.09375,24238.873046875,170798550
2025-09-15 11:30:00-04:00,24236.7109375,24274.70703125,24235.9375,24251.47265625,141511730
2025-09-15 12:30:00-04:00,24251.85546875,24269.587890625,24236.53125,24238.037109375,99992109
2025-09-15 13:30:00-04:00,24237.037109375,24272.380859375,24237.037109375,24244.509765625,97194137
2025-09-15 14:30:00-04:00,24243.8515625,24261.48046875,24227.279296875,24258.076171875,120842726
2025-09-15 15:30:00-04:00,24251.822265625,24295.33203125,24250.623046875,24295.33203125,115686345
2025-09-16 09:30:00-04:00,24335.2890625,24341.4453125,24273.611328125,24288.15625,279074874
2025-09-16 10:30:00-04:00,24287.400390625,24295.89453125,24257.986328125,24273.19140625,133778645
2025-09-16 11:30:00-04:00,24263.693359375,24269.900390625,24244.51953125,24267.3359375,105310330
2025-09-16 12:30:00-04:00,24269.3984375,24292.30078125,24261.84765625,24288.478515625,81888801
2025-09-16 13:30:00-04:00,24281.431640625,24283.732421875,24268.51171875,24275.265625,93643899
2025-09-16 14:30:00-04:00,24276.736328125,24305.275390625,24275.783203125,24284.755859375,98514462
2025-09-16 15:30:00-04:00,24285.765625,24307.97265625,24280.490234375,24285.212890625,117863806
2025-09-17 09:30:00-04:00,24274.380859375,24281.92578125,24190.203125,24193.728515625,0
2025-09-17 10:30:00-04:00,24184.65625,24200.349609375,24152.306640625,24160.060546875,135691336
2025-09-17 11:30:00-04:00,24163.626953125,24169.62109375,24147.265625,24160.23828125,96569758
2025-09-17 12:30:00-04:00,24166.58203125,24166.58203125,24125.416015625,24155.548828125,80769668
2025-09-17 13:30:00-04:00,24158.66796875,24261.166015625,24098.166015625,24187.921875,149863580
2025-09-17 14:30:00-04:00,24114.80078125,24291.78125,24000.37890625,24280.083984375,186990961
2025-09-17 15:30:00-04:00,24274.25390625,24274.25390625,24205.75,24207.869140625,112471916
2025-09-18 09:30:00-04:00,24417.958984375,24529.21484375,24360.005859375,24529.21484375,0
2025-09-18 10:30:00-04:00,24529.3828125,24551.267578125,24479.21484375,24522.443359375,205681318
2025-09-18 11:30:00-04:00,24543.376953125,24547.27734375,24479.55859375,24516.142578125,154174380
2025-09-18 12:30:00-04:00,24521.9140625,24542.181640625,24509.99609375,24509.99609375,146311799
2025-09-18 13:30:00-04:00,24501.3671875,24508.77734375,24472.390625,24487.025390625,152048000
2025-09-18 14:30:00-04:00,24489.205078125,24509.150390625,24465.34765625,24469.1171875,148011000
2025-09-18 15:30:00-04:00,24466.908203125,24474.23046875,24449.435546875,24452.48046875,143900000
2025-09-19 09:30:00-04:00,24536.73046875,24566.98046875,24504.55078125,24538.734375,0
2025-09-19 10:30:00-04:00,24537.90625,24541.36328125,24477.203125,24479.490234375,169716804
2025-09-19 11:30:00-04:00,24474.568359375,24571.6484375,24474.568359375,24571.341796875,146417108
2025-09-19 12:30:00-04:00,24554.896484375,24583.037109375,24550.802734375,24551.75390625,108926300
2025-09-19 13:30:00-04:00,24557.279296875,24580.89453125,24556.884765625,24563.8515625,120774167
2025-09-19 14:30:00-04:00,24569.5390625,24597.775390625,24559.978515625,24597.775390625,0
2025-09-19 15:30:00-04:00,24591.078125,24640.521484375,24584.66015625,24640.521484375,1327709000
2025-09-22 09:30:00-04:00,24587.91796875,24650.26953125,24578.09375,24649.349609375,0
2025-09-22 10:30:00-04:00,24662.591796875,24685.587890625,24655.095703125,24678.251953125,151320962
2025-09-22 11:30:00-04:00,24677.73828125,24731.6484375,24657.83203125,24729.857421875,202314764
2025-09-22 12:30:00-04:00,24729.951171875,24748.80859375,24726.6953125,24745.25,159677095
2025-09-22 13:30:00-04:00,24744.05078125,24763.6953125,24733.09375,24761.40234375,113702947
2025-09-22 14:30:00-04:00,24766.271484375,24777.70703125,24757.701171875,24770.091796875,123988942
2025-09-22 15:30:00-04:00,24773.15625,24774.2421875,24745.1640625,24761.76953125,101564000
2025-09-23 09:30:00-04:00,24750.751953125,24761.306640625,24684.908203125,24710.392578125,279387378
2025-09-23 10:30:00-04:00,24712.728515625,24729.353515625,24690.076171875,24717.671875,145328679
2025-09-23 11:30:00-04:00,24717.0390625,24719.138671875,24673.421875,24687.95703125,109893918
2025-09-23 12:30:00-04:00,24687.3671875,24707.939453125,24624.970703125,24625.6640625,112868298
2025-09-23 13:30:00-04:00,24622.44140625,24632.83984375,24537.08203125,24566.677734375,141884918
2025-09-23 14:30:00-04:00,24566.5703125,24591.09765625,24549.111328125,24559.33984375,116766665
2025-09-23 15:30:00-04:00,24566.529296875,24592.849609375,24565.294921875,24584.98828125,117906382
2025-09-24 09:30:00-04:00,24647.333984375,24647.333984375,24543.6953125,24576.02734375,0
2025-09-24 10:30:00-04:00,24573.421875,24588.697265625,24540.91015625,24555.994140625,134775576
2025-09-24 11:30:00-04:00,24555.072265625,24555.248046875,24388.619140625,24459.037109375,147440134
2025-09-24 12:30:00-04:00,24459.955078125,24497.84375,24439.865234375,24491.6015625,108914690
2025-09-24 13:30:00-04:00,24493.13671875,24510.046875,24447.2890625,24462.1953125,97035277
2025-09-24 14:30:00-04:00,24462.4453125,24501.36328125,24459.1796875,24481.880859375,100825982
2025-09-24 15:30:00-04:00,24482.564453125,24511.142578125,24460.2578125,24500.8359375,131825390
2025-09-25 09:30:00-04:00,24313.185546875,24404.267578125,24188.029296875,24383.884765625,339834236
2025-09-25 10:30:00-04:00,24384.771484375,24418.26953125,24350.099609375,24363.259765625,176105777
2025-09-25 11:30:00-04:00,24363.826171875,24460.337890625,24363.826171875,24394.9453125,150016278
2025-09-25 12:30:00-04:00,24395.71484375,24431.537109375,24334.4140625,24360.5703125,118510690
2025-09-25 13:30:00-04:00,24359.416015625,24368.72265625,24224.3359375,24346.642578125,138745779
2025-09-25 14:30:00-04:00,24344.7890625,24402.072265625,24333.693359375,24371.81640625,144607301
2025-09-25 15:30:00-04:00,24375.14453125,24407.828125,24356.205078125,24393.951171875,120507000
2025-09-26 09:30:00-04:00,24402.966796875,24504.134765625,24298.52734375,24337.673828125,0
2025-09-26 10:30:00-04:00,24334.986328125,24411.25390625,24318.564453125,24404.23828125,158922516
2025-09-26 11:30:00-04:00,24404.515625,24448.009765625,24349.494140625,24433.111328125,126088920
2025-09-26 12:30:00-04:00,24434.208984375,24485.763671875,24416.51953125,24480.71875,108102205
2025-09-26 13:30:00-04:00,24481.048828125,24499.0703125,24439.798828125,24487.775390625,104394648
2025-09-26 14:30:00-04:00,24490.763671875,24510.08203125,24481.55078125,24498.0859375,124142322
2025-09-26 15:30:00-04:00,24498.19921875,24508.640625,24473.138671875,24503.744140625,114961457
2025-09-29 09:30:00-04:00,24632.576171875,24740.41015625,24632.576171875,24727.43359375,0
2025-09-29 10:30:00-04:00,24728.19140625,24731.078125,24637.484375,24642.400390625,156879192
2025-09-29 11:30:00-04:00,24640.0859375,24644.158203125,24603.96484375,24623.525390625,117231328
2025-09-29 12:30:00-04:00,24624.09765625,24640.310546875,24578.61328125,24607.306640625,106269885
2025-09-29 13:30:00-04:00,24607.439453125,24643.53515625,24594.66015625,24634.58203125,100984573
2025-09-29 14:30:00-04:00,24635.013671875,24636.20703125,24560.21875,24581.345703125,112252069
2025-09-29 15:30:00-04:00,24581.7109375,24624.357421875,24576.25,24611.662109375,112741407
2025-09-30 09:30:00-04:00,24599.65234375,24599.65234375,24505.89453125,24557.197265625,0
2025-09-30 10:30:00-04:00,24558.64453125,24632.310546875,24530.033203125,24554.5234375,174571010
2025-09-30 11:30:00-04:00,24552.630859375,24613.080078125,24538.306640625,24582.291015625,122235577
2025-09-30 12:30:00-04:00,24583.513671875,24595.775390625,24509.607421875,24525.177734375,99911122
2025-09-30 13:30:00-04:00,24520.05859375,24607.08203125,24511.828125,24601.419921875,100298145
2025-09-30 14:30:00-04:00,24600.484375,24641.19140625,24594.466796875,24637.14453125,108173337
2025-09-30 15:30:00-04:00,24637.83203125,24690.5546875,24615.33984375,24678.75,122084883
2025-10-01 09:30:00-04:00,24531.390625,24675.9921875,24521.11328125,24667.0,0
2025-10-01 10:30:00-04:00,24668.720703125,24701.689453125,24658.80078125,24673.037109375,169565225
2025-10-01 11:30:00-04:00,24674.6796875,24731.705078125,24674.6796875,24727.505859375,116939749
2025-10-01 12:30:00-04:00,24726.80078125,24770.396484375,24714.4609375,24762.97265625,103930410
2025-10-01 13:30:00-04:00,24764.42578125,24803.314453125,24747.798828125,24792.109375,132117784
2025-10-01 14:30:00-04:00,24793.267578125,24815.5703125,24792.2734375,24798.255859375,117562609
2025-10-01 15:30:00-04:00,24810.123046875,24814.330078125,24793.7734375,24813.36328125,130717436
2025-10-02 09:30:00-04:00,24930.732421875,24943.646484375,24798.69921875,24861.7109375,322113703
2025-10-02 10:30:00-04:00,24874.6953125,24875.1328125,24791.05078125,24829.89453125,153035102
2025-10-02 11:30:00-04:00,24830.013671875,24869.84765625,24796.0,24852.142578125,133192955
2025-10-02 12:30:00-04:00,24850.833984375,24882.619140625,24835.81640625,24879.73828125,92156977
2025-10-02 13:30:00-04:00,24881.7890625,24900.42578125,24871.20703125,24895.177734375,92333357
2025-10-02 14:30:00-04:00,24894.25,24912.537109375,24887.595703125,24911.7578125,103611891
2025-10-02 15:30:00-04:00,24906.4140625,24912.0625,24879.275390625,24887.390625,100569409
2025-10-03 09:30:00-04:00,24933.607421875,24958.263671875,24850.48046875,24873.28125,249120582
2025-10-03 10:30:00-04:00,24881.162109375,24935.234375,24881.162109375,24927.1640625,152579544
2025-10-03 11:30:00-04:00,24924.783203125,24941.798828125,24904.587890625,24919.544921875,105502604
2025-10-03 12:30:00-04:00,24932.880859375,24935.109375,24815.08203125,24824.4375,121760039
2025-10-03 13:30:00-04:00,24839.697265625,24844.779296875,24722.66015625,24812.96484375,130526318
2025-10-03 14:30:00-04:00,24826.482421875,24826.482421875,24778.544921875,24796.0625,109272649
2025-10-03 15:30:00-04:00,24792.916015625,24810.658203125,24775.525390625,24782.42578125,103448295
2025-10-06 09:30:00-04:00,24986.259765625,25007.419921875,24910.9609375,24939.9765625,0
2025-10-06 10:30:00-04:00,24935.072265625,24971.08203125,24910.5234375,24967.556640625,157679260
2025-10-06 11:30:00-04:00,24957.412109375,25007.21484375,24955.345703125,24991.1328125,125535738
2025-10-06 12:30:00-04:00,24994.48828125,25018.154296875,24974.98046875,25008.466796875,93909116
2025-10-06 13:30:00-04:00,25014.17578125,25033.88671875,25001.66796875,25033.58984375,115839420
2025-10-06 14:30:00-04:00,25039.45703125,25042.623046875,25008.728515625,25014.5390625,110462467
2025-10-06 15:30:00-04:00,25010.98046875,25020.34765625,24976.41796875,24982.103515625,111171000
2025-10-07 09:30:00-04:00,25031.783203125,25062.1484375,25005.18359375,25005.880859375,279753305
2025-10-07 10:30:00-04:00,25008.830078125,25022.20703125,24852.029296875,24866.8046875,188360848
2025-10-07 11:30:00-04:00,24848.15625,24857.22265625,24790.5234375,24841.974609375,145594993
2025-10-07 12:30:00-04:00,24846.353515625,24886.30859375,24818.896484375,24846.08984375,101501243
2025-10-07 13:30:00-04:00,24842.68359375,24853.064453125,24795.626953125,24838.064453125,84925254
2025-10-07 14:30:00-04:00,24828.54296875,24850.982421875,24825.072265625,24830.91796875,106876517
2025-10-07 15:30:00-04:00,24830.662109375,24861.701171875,24826.46875,24838.810546875,97856840
2025-10-08 09:30:00-04:00,24884.060546875,25017.888671875,24884.060546875,25014.525390625,0
2025-10-08 10:30:00-04:00,25017.244140625,25035.490234375,24974.9609375,25032.9140625,136757062
2025-10-08 11:30:00-04:00,25030.056640625,25071.203125,25026.078125,25045.853515625,116112985
2025-10-08 12:30:00-04:00,25041.0390625,25063.48828125,25034.841796875,25063.48828125,98330580
2025-10-08 13:30:00-04:00,25064.47265625,25094.37890625,25061.423828125,25087.353515625,119331203
2025-10-08 14:30:00-04:00,25083.37890625,25112.435546875,25063.037109375,25110.384765625,107962295
2025-10-08 15:30:00-04:00,25109.78125,25142.1875,25099.337890625,25138.69921875,109635400
2025-10-09 09:30:00-04:00,25120.830078125,25139.037109375,25053.73828125,25054.328125,0
2025-10-09 10:30:00-04:00,25050.74609375,25077.296875,25002.97265625,25035.279296875,150503453
2025-10-09 11:30:00-04:00,25030.9296875,25077.28125,25008.947265625,25059.361328125,119477189
2025-10-09 12:30:00-04:00,25059.05078125,25062.208984375,24980.62109375,24983.826171875,92744653
2025-10-09 13:30:00-04:00,24976.888671875,25037.943359375,24976.888671875,25036.197265625,84219294
2025-10-09 14:30:00-04:00,25018.234375,25075.68359375,25011.484375,25072.169921875,112871639
2025-10-09 15:30:00-04:00,25072.447265625,25095.87109375,25071.5703125,25095.87109375,102390615
2025-10-10 09:30:00-04:00,25118.34375,25193.78125,25115.34375,25147.6484375,0
2025-10-10 10:30:00-04:00,25153.544921875,25161.400390625,24631.57421875,24641.2578125,267169712
2025-10-10 11:30:00-04:00,24518.548828125,24704.947265625,24518.041015625,24633.40234375,223292759
2025-10-10 12:30:00-04:00,24611.08203125,24645.705078125,24430.169921875,24536.205078125,137887400
2025-10-10 13:30:00-04:00,24535.875,24559.84765625,24468.736328125,24523.845703125,106764900
2025-10-10 14:30:00-04:00,24493.662109375,24504.865234375,24361.16796875,24362.169921875,132258349
2025-10-10 15:30:00-04:00,24362.248046875,24379.087890625,24211.392578125,24227.263671875,168169000
2025-10-13 09:30:00-04:00,24638.20703125,24728.2734375,24553.2421875,24634.48046875,294523610
2025-10-13 10:30:00-04:00,24635.71875,24700.337890625,24571.373046875,24686.4375,142349984
2025-10-13 11:30:00-04:00,24699.013671875,24731.80859375,24681.037109375,24730.666015625,92444060
2025-10-13 12:30:00-04:00,24729.51171875,24773.2578125,24708.9453125,24718.982421875,96568020
2025-10-13 13:30:00-04:00,24724.22265625,24767.98046875,24712.478515625,24765.21875,86415656
2025-10-13 14:30:00-04:00,24770.123046875,24779.654296875,24706.0625,24737.65625,92303164
2025-10-13 15:30:00-04:00,24734.619140625,24767.43359375,24734.46484375,24754.8984375,94921584
2025-10-14 09:30:00-04:00,24438.7265625,24549.859375,24259.462890625,24549.859375,0
2025-10-14 10:30:00-04:00,24522.96875,24564.55859375,24504.21484375,24530.123046875,127627417
2025-10-14 11:30:00-04:00,24534.771484375,24686.7421875,24529.65625,24684.796875,109305494
2025-10-14 12:30:00-04:00,24693.5625,24764.134765625,24686.267578125,24751.171875,111887086
2025-10-14 13:30:00-04:00,24744.216796875,24745.716796875,24701.763671875,24731.412109375,81445693
2025-10-14 14:30:00-04:00,24737.92578125,24742.388671875,24708.267578125,24726.88671875,85017560
2025-10-14 15:30:00-04:00,24710.0390625,24711.1171875,24528.271484375,24588.765625,124469736
2025-10-15 09:30:00-04:00,24806.26171875,24926.1328125,24726.029296875,24924.08984375,0
2025-10-15 10:30:00-04:00,24921.771484375,24930.44921875,24871.796875,24895.712890625,148983412
2025-10-15 11:30:00-04:00,24877.708984375,24879.427734375,24706.662109375,24801.970703125,126276680
2025-10-15 12:30:00-04:00,24780.724609375,24781.6484375,24502.23828125,24575.78515625,111892247
2025-10-15 13:30:00-04:00,24582.828125,24739.8828125,24579.10546875,24721.431640625,95850565
2025-10-15 14:30:00-04:00,24730.755859375,24779.25390625,24727.9453125,24765.99609375,90977146
2025-10-15 15:30:00-04:00,24769.6484375,24769.828125,24701.603515625,24718.837890625,87065461
2025-10-16 09:30:00-04:00,24878.326171875,24926.494140625,24847.119140625,24901.126953125,0
2025-10-16 10:30:00-04:00,24902.494140625,24995.0859375,24854.67578125,24859.716796875,141372647
2025-10-16 11:30:00-04:00,24860.18359375,24883.01953125,24706.314453125,24713.947265625,115846811
2025-10-16 12:30:00-04:00,24695.19140625,24784.962890625,24580.193359375,24752.41015625,124122997
2025-10-16 13:30:00-04:00,24757.5859375,24775.509765625,24503.494140625,24520.5546875,101832269
2025-10-16 14:30:00-04:00,24523.724609375,24641.91015625,24496.08203125,24559.904296875,109711094
2025-10-16 15:30:00-04:00,24567.6484375,24661.23828125,24542.16015625,24658.919921875,100843373
2025-10-17 09:30:00-04:00,24542.40234375,24787.490234375,24532.4375,24744.734375,259056250
2025-10-17 10:30:00-04:00,24710.376953125,24711.068359375,24542.609375,24569.619140625,150046165
2025-10-17 11:30:00-04:00,24576.390625,24784.423828125,24524.318359375,24778.951171875,127577552
2025-10-17 12:30:00-04:00,24780.451171875,24787.19140625,24670.541015625,24698.158203125,87765813
2025-10-17 13:30:00-04:00,24692.609375,24852.849609375,24677.607421875,24846.658203125,0
2025-10-17 14:30:00-04:00,24846.39453125,24881.369140625,24815.26171875,24860.267578125,848154655
2025-10-17 15:30:00-04:00,24856.115234375,24856.115234375,24811.791015625,24814.873046875,83819735
2025-10-20 09:30:00-04:00,25005.171875,25112.85546875,25002.177734375,25112.85546875,0
2025-10-20 10:30:00-04:00,25120.705078125,25155.755859375,25104.650390625,25150.203125,139964225
2025-10-20 11:30:00-04:00,25153.11328125,25170.556640625,25130.220703125,25143.724609375,97515379
2025-10-20 12:30:00-04:00,25142.2109375,25175.546875,25124.21484375,25168.06640625,74202391
2025-10-20 13:30:00-04:00,25169.248046875,25183.748046875,25161.59375,25167.248046875,67520459
2025-10-20 14:30:00-04:00,25160.4140625,25168.04296875,25130.076171875,25154.3125,0
2025-10-20 15:30:00-04:00,25152.85546875,25163.5390625,25143.8671875,25148.6484375,770143559
2025-10-21 09:30:00-04:00,25130.849609375,25134.95703125,25050.76171875,25050.76171875,220569471
2025-10-21 10:30:00-04:00,25061.0078125,25135.048828125,25045.21484375,25118.283203125,144655878
2025-10-21 11:30:00-04:00,25129.21484375,25175.8125,25116.802734375,25171.533203125,113890317
2025-10-21 12:30:00-04:00,25171.599609375,25177.07421875,25089.857421875,25107.818359375,97608170
2025-10-21 13:30:00-04:00,25116.181640625,25154.123046875,25110.771484375,25149.830078125,78064731
2025-10-21 14:30:00-04:00,25149.220703125,25161.171875,25135.640625,25145.45703125,84331208
2025-10-21 15:30:00-04:00,25145.56640625,25167.720703125,25138.525390625,25146.4140625,85107922
2025-10-22 09:30:00-04:00,25070.205078125,25122.947265625,24956.927734375,24960.076171875,0
2025-10-22 10:30:00-04:00,24942.0859375,25027.9921875,24866.5859375,24869.806640625,180925638
2025-10-22 11:30:00-04:00,24870.8125,24960.43359375,24855.947265625,24874.33203125,113375496
2025-10-22 12:30:00-04:00,24773.646484375,24862.05078125,24725.466796875,24747.0,112971335
2025-10-22 13:30:00-04:00,24745.759765625,24775.32421875,24659.01171875,24757.96875,105385968
2025-10-22 14:30:00-04:00,24757.61328125,24852.46484375,24753.677734375,24840.466796875,101432467
2025-10-22 15:30:00-04:00,24852.544921875,24897.009765625,24852.544921875,24878.73828125,101922487
2025-10-23 09:30:00-04:00,24869.59765625,25012.3359375,24864.59375,25003.900390625,214445874
2025-10-23 10:30:00-04:00,24989.7890625,25036.640625,24984.66796875,25019.642578125,117289804
2025-10-23 11:30:00-04:00,25042.62109375,25066.373046875,24981.77734375,25037.611328125,89083692
2025-10-23 12:30:00-04:00,25049.603515625,25086.919921875,25048.158203125,25049.18359375,92329825
2025-10-23 13:30:00-04:00,25049.064453125,25123.953125,25049.064453125,25114.3515625,77385285
2025-10-23 14:30:00-04:00,25119.55078125,25124.89453125,25101.453125,25114.873046875,87952941
2025-10-23 15:30:00-04:00,25118.865234375,25118.994140625,25082.30859375,25100.10546875,101518640
2025-10-24 09:30:00-04:00,25303.34375,25386.955078125,25290.982421875,25359.16015625,326268776
2025-10-24 10:30:00-04:00,25334.9453125,25393.96875,25290.099609375,25388.76171875,149098613
2025-10-24 11:30:00-04:00,25386.22265625,25401.31640625,25357.94140625,25388.56640625,110212428
2025-10-24 12:30:00-04:00,25387.53515625,25409.220703125,25375.720703125,25401.71484375,87536698
2025-10-24 13:30:00-04:00,25397.044921875,25418.63671875,25386.70703125,25395.796875,81910341
2025-10-24 14:30:00-04:00,25394.8359375,25417.478515625,25381.33984375,25412.064453125,114900123
2025-10-24 15:30:00-04:00,25410.55859375,25410.55859375,25361.076171875,25363.541015625,108541877
2025-10-27 09:30:00-04:00,25697.298828125,25724.509765625,25658.11328125,25698.3125,0
2025-10-27 10:30:00-04:00,25721.853515625,25754.658203125,25706.771484375,25754.275390625,201840519
2025-10-27 11:30:00-04:00,25751.3125,25764.404296875,25744.087890625,25755.751953125,126601150
2025-10-27 12:30:00-04:00,25756.470703125,25771.62109375,25749.951171875,25756.416015625,0
2025-10-27 13:30:00-04:00,25755.783203125,25788.041015625,25755.7734375,25784.662109375,845390913
2025-10-27 14:30:00-04:00,25784.033203125,25797.923828125,25775.53515625,25778.61328125,110087734
2025-10-27 15:30:00-04:00,25781.361328125,25837.025390625,25779.775390625,25828.2890625,120656353
2025-10-28 09:30:00-04:00,25925.060546875,25946.5703125,25886.900390625,25902.740234375,0
2025-10-28 10:30:00-04:00,25900.822265625,25910.58984375,25870.26953125,25903.1484375,141786581
2025-10-28 11:30:00-04:00,25903.3125,25947.525390625,25869.650390625,25946.904296875,135003987
2025-10-28 12:30:00-04:00,25946.345703125,25995.443359375,25945.587890625,25983.337890625,151875780
2025-10-28 13:30:00-04:00,25988.37890625,26039.751953125,25985.869140625,26039.326171875,163106770
2025-10-28 14:30:00-04:00,26037.419921875,26079.673828125,26030.134765625,26079.673828125,158730085
2025-10-28 15:30:00-04:00,26076.375,26083.5078125,26016.859375,26024.654296875,137350000
2025-10-29 09:30:00-04:00,26147.720703125,26179.0,26116.345703125,26153.798828125,0
2025-10-29 10:30:00-04:00,26156.21484375,26162.189453125,26099.818359375,26112.779296875,182792268
2025-10-29 11:30:00-04:00,26104.138671875,26110.052734375,26064.205078125,26106.916015625,141003933
2025-10-29 12:30:00-04:00,26110.818359375,26125.619140625,26080.65234375,26081.2578125,109234576
2025-10-29 13:30:00-04:00,26084.23046875,26125.947265625,26072.466796875,26090.982421875,114536155
2025-10-29 14:30:00-04:00,26096.689453125,26129.341796875,25916.248046875,26048.294921875,194627082
2025-10-29 15:30:00-04:00,26049.0078125,26131.927734375,26022.416015625,26116.376953125,113169000
2025-10-30 09:30:00-04:00,25943.92578125,26031.68359375,25805.890625,25879.6015625,336148977
2025-10-30 10:30:00-04:00,25887.724609375,25951.158203125,25838.740234375,25915.330078125,169952247
2025-10-30 11:30:00-04:00,25916.92578125,25954.7578125,25830.45703125,25942.75,135861246
2025-10-30 12:30:00-04:00,25942.728515625,25942.728515625,25863.880859375,25922.298828125,111367775
2025-10-30 13:30:00-04:00,25921.86328125,25932.9296875,25849.6640625,25859.892578125,111213705
2025-10-30 14:30:00-04:00,25860.314453125,25882.33203125,25744.12890625,25787.046875,132998585
2025-10-30 15:30:00-04:00,25788.208984375,25818.8359375,25733.064453125,25737.0390625,134018000
2025-10-31 09:30:00-04:00,26053.580078125,26060.380859375,25928.185546875,25970.857421875,0
2025-10-31 10:30:00-04:00,25968.130859375,26042.986328125,25963.970703125,26000.810546875,166466068
2025-10-31 11:30:00-04:00,26001.90234375,26014.294921875,25821.5234375,25869.3515625,155332831
2025-10-31 12:30:00-04:00,25869.77734375,25898.013671875,25761.306640625,25778.279296875,124643386
2025-10-31 13:30:00-04:00,25777.7890625,25880.5078125,25761.951171875,25876.892578125,116723526
2025-10-31 14:30:00-04:00,25875.935546875,25958.7265625,25838.955078125,25953.06640625,135633170
2025-10-31 15:30:00-04:00,25952.560546875,25978.9296875,25864.068359375,25864.068359375,136422000
2025-11-03 09:30:00-05:00,26112.22265625,26130.955078125,25904.81640625,25912.517578125,0
2025-11-03 10:30:00-05:00,25908.375,25979.232421875,25890.193359375,25918.66015625,151873298
2025-11-03 11:30:00-05:00,25920.478515625,26011.41796875,25915.283203125,25972.3828125,122408529
2025-11-03 12:30:00-05:00,25972.4921875,26027.41796875,25971.08984375,26009.98828125,111975264
2025-11-03 13:30:00-05:00,26010.890625,26033.279296875,25957.1484375,25964.34765625,118472355
2025-11-03 14:30:00-05:00,25963.75390625,25993.201171875,25937.23046875,25967.537109375,121462077
2025-11-03 15:30:00-05:00,25966.103515625,25977.255859375,25942.33984375,25973.78125,115547644
2025-11-04 09:30:00-05:00,25574.943359375,25761.84375,25530.9375,25737.73828125,0
2025-11-04 10:30:00-05:00,25734.44140625,25756.833984375,25612.931640625,25643.05078125,148124149
2025-11-04 11:30:00-05:00,25635.146484375,25664.14453125,25519.95703125,25584.587890625,125018456
2025-11-04 12:30:00-05:00,25583.240234375,25597.0625,25486.9609375,25498.876953125,109994604
2025-11-04 13:30:00-05:00,25494.6796875,25557.109375,25474.39453125,25532.138671875,116189291
2025-11-04 14:30:00-05:00,25532.548828125,25537.55859375,25449.169921875,25488.71484375,134006454
2025-11-04 15:30:00-05:00,25491.466796875,25512.39453125,25416.32421875,25445.0625,126721922
2025-11-05 09:30:00-05:00,25429.109375,25591.361328125,25366.732421875,25565.11328125,0
2025-11-05 10:30:00-05:00,25563.220703125,25619.916015625,25535.21484375,25618.564453125,144630283
2025-11-05 11:30:00-05:00,25618.1796875,25668.3046875,25605.212890625,25663.453125,120190265
2025-11-05 12:30:00-05:00,25663.46484375,25708.404296875,25661.865234375,25704.732421875,95815960
2025-11-05 13:30:00-05:00,25703.982421875,25749.865234375,25700.267578125,25731.412109375,113098210
2025-11-05 14:30:00-05:00,25730.548828125,25750.669921875,25702.517578125,25709.0234375,115813390
2025-11-05 15:30:00-05:00,25708.62109375,25708.62109375,25611.919921875,25619.515625,130561640
2025-11-06 09:30:00-05:00,25550.4765625,25554.2109375,25294.154296875,25386.107421875,0
2025-11-06 10:30:00-05:00,25390.599609375,25390.599609375,25159.40234375,25217.345703125,207359384
2025-11-06 11:30:00-05:00,25211.9375,25211.9375,25084.18359375,25126.642578125,161022235
2025-11-06 12:30:00-05:00,25125.0546875,25240.8828125,25115.697265625,25207.640625,123290006
2025-11-06 13:30:00-05:00,25207.017578125,25320.072265625,25196.291015625,25312.794921875,112997861
2025-11-06 14:30:00-05:00,25314.125,25320.333984375,25235.1015625,25236.263671875,111369623
2025-11-06 15:30:00-05:00,25238.4296875,25252.91796875,25110.416015625,25132.681640625,131537000
2025-11-07 09:30:00-05:00,24976.7109375,24976.7109375,24776.69140625,24853.177734375,0
2025-11-07 10:30:00-05:00,24857.06640625,24868.82421875,24665.375,24687.19140625,205701043
2025-11-07 11:30:00-05:00,24686.697265625,24756.212890625,24603.78125,24726.072265625,147601225
2025-11-07 12:30:00-05:00,24726.025390625,24815.89453125,24657.025390625,24814.697265625,117828987
2025-11-07 13:30:00-05:00,24813.859375,24858.76953125,24756.66796875,24843.87109375,118942373
2025-11-07 14:30:00-05:00,24847.669921875,25016.630859375,24847.669921875,24950.24609375,161425257
2025-11-07 15:30:00-05:00,24951.90234375,25065.138671875,24951.90234375,25065.138671875,116634000
2025-11-10 09:30:00-05:00,25422.15625,25563.42578125,25422.15625,25541.765625,0
2025-11-10 10:30:00-05:00,25545.005859375,25560.056640625,25377.291015625,25383.5234375,163098417
2025-11-10 11:30:00-05:00,25385.310546875,25471.5390625,25357.802734375,25449.55078125,121575216
2025-11-10 12:30:00-05:00,25451.974609375,25552.1953125,25451.974609375,25526.32421875,90694150
2025-11-10 13:30:00-05:00,25527.556640625,25591.326171875,25527.556640625,25583.669921875,101946402
2025-11-10 14:30:00-05:00,25583.181640625,25625.234375,25571.900390625,25606.84375,108849817
2025-11-10 15:30:00-05:00,25604.220703125,25654.1328125,25595.478515625,25609.201171875,114729645
2025-11-11 09:30:00-05:00,25503.068359375,25543.25,25428.830078125,25439.95703125,0
2025-11-11 10:30:00-05:00,25441.31640625,25485.994140625,25384.5234375,25407.6640625,128021127
2025-11-11 11:30:00-05:00,25408.5859375,25489.888671875,25385.10546875,25459.40234375,93870410
2025-11-11 12:30:00-05:00,25459.162109375,25563.73828125,25457.974609375,25536.42578125,87469135
2025-11-11 13:30:00-05:00,25536.3359375,25587.990234375,25503.564453125,25555.38671875,107607208
2025-11-11 14:30:00-05:00,25555.84765625,25572.96875,25542.083984375,25552.283203125,85651427
2025-11-11 15:30:00-05:00,25551.376953125,25581.40234375,25513.98828125,25533.654296875,101579991
2025-11-12 09:30:00-05:00,25656.162109375,25656.162109375,25462.689453125,25515.02734375,0
2025-11-12 10:30:00-05:00,25512.21484375,25517.787109375,25396.072265625,25481.654296875,157503849
2025-11-12 11:30:00-05:00,25478.966796875,25504.822265625,25389.7265625,25453.384765625,103479336
2025-11-12 12:30:00-05:00,25453.21875,25527.880859375,25452.5859375,25507.67578125,95227148
2025-11-12 13:30:00-05:00,25508.0546875,25536.056640625,25470.349609375,25477.572265625,86588943
2025-11-12 14:30:00-05:00,25478.13671875,25502.7578125,25444.92578125,25501.4453125,95798373
2025-11-12 15:30:00-05:00,25500.671875,25547.494140625,25490.328125,25521.0625,107335664
2025-11-13 09:30:00-05:00,25376.763671875,25393.484375,25186.751953125,25282.953125,0
2025-11-13 10:30:00-05:00,25278.802734375,25280.607421875,25084.87890625,25126.91796875,172827141
2025-11-13 11:30:00-05:00,25125.205078125,25156.509765625,25059.80859375,25136.185546875,125185172
2025-11-13 12:30:00-05:00,25136.021484375,25152.837890625,24963.22265625,24974.0546875,122845678
2025-11-13 13:30:00-05:00,24972.3671875,25025.48046875,24915.197265625,25024.15234375,135234206
2025-11-13 14:30:00-05:00,25023.640625,25033.716796875,24908.595703125,24974.375,133254736
2025-11-13 15:30:00-05:00,24976.90625,25043.580078125,24935.005859375,24999.205078125,125093048
2025-11-14 09:30:00-05:00,24645.232421875,24934.884765625,24536.453125,24920.251953125,0
2025-11-14 10:30:00-05:00,24918.193359375,25173.955078125,24895.830078125,25149.671875,169799754
2025-11-14 11:30:00-05:00,25152.5546875,25198.4375,25091.361328125,25169.826171875,123180272
2025-11-14 12:30:00-05:00,25167.87890625,25190.03515625,25033.88671875,25073.060546875,111163743
2025-11-14 13:30:00-05:00,25068.01171875,25125.583984375,25001.224609375,25110.427734375,105062738
2025-11-14 14:30:00-05:00,25113.263671875,25157.552734375,25034.9296875,25052.669921875,107409164
2025-11-14 15:30:00-05:00,25046.46875,25067.91796875,24982.099609375,25011.533203125,113997058
2025-11-17 09:30:00-05:00,24883.37109375,25165.12109375,24868.787109375,25050.494140625,0
2025-11-17 10:30:00-05:00,25051.4375,25063.390625,24862.822265625,24983.00390625,141027687
2025-11-17 11:30:00-05:00,24986.25,25109.8359375,24981.673828125,25060.177734375,109925189
2025-11-17 12:30:00-05:00,25061.662109375,25073.0390625,24873.97265625,24895.150390625,100083304
2025-11-17 13:30:00-05:00,24893.85546875,24961.05859375,24740.068359375,24779.359375,110084304
2025-11-17 14:30:00-05:00,24779.69921875,24794.578125,24650.880859375,24699.41796875,135009440
2025-11-17 15:30:00-05:00,24710.4453125,24805.13671875,24677.341796875,24805.13671875,119401222
2025-11-18 09:30:00-05:00,24641.2421875,24733.77734375,24347.0546875,24460.15234375,0
2025-11-18 10:30:00-05:00,24457.66015625,24577.21484375,24299.294921875,24561.818359375,168991216
2025-11-18 11:30:00-05:00,24564.12890625,24605.95703125,24448.333984375,24452.962890625,131996408
2025-11-18 12:30:00-05:00,24448.123046875,24703.671875,24415.125,24644.130859375,139775937
2025-11-18 13:30:00-05:00,24646.763671875,24712.89453125,24611.869140625,24624.03515625,112862379
2025-11-18 14:30:00-05:00,24626.935546875,24719.083984375,24565.1015625,24607.16796875,111443732
2025-11-18 15:30:00-05:00,24615.431640625,24620.046875,24498.234375,24498.234375,113278000
2025-11-19 09:30:00-05:00,24519.5,24901.876953125,24505.2890625,24871.38671875,0
2025-11-19 10:30:00-05:00,24875.275390625,24884.19140625,24588.35546875,24629.07421875,161687843
2025-11-19 11:30:00-05:00,24623.501953125,24640.40625,24507.3046875,24551.31640625,127726607
2025-11-19 12:30:00-05:00,24550.39453125,24602.24609375,24433.697265625,24518.818359375,124473752
2025-11-19 13:30:00-05:00,24511.951171875,24620.97265625,24506.138671875,24515.216796875,101849048
2025-11-19 14:30:00-05:00,24512.2421875,24720.482421875,24495.12890625,24689.00390625,121908399
2025-11-19 15:30:00-05:00,24693.486328125,24745.556640625,24613.17578125,24637.9453125,121543548
2025-11-20 09:30:00-05:00,25117.314453125,25212.435546875,25072.32421875,25172.51953125,0
2025-11-20 10:30:00-05:00,25174.830078125,25221.615234375,24811.205078125,24827.515625,196360012
2025-11-20 11:30:00-05:00,24812.98828125,24835.826171875,24287.638671875,24369.833984375,238116667
2025-11-20 12:30:00-05:00,24365.76953125,24515.158203125,24235.279296875,24424.01171875,172408133
2025-11-20 13:30:00-05:00,24422.02734375,24438.654296875,24137.60546875,24269.2265625,142025346
2025-11-20 14:30:00-05:00,24267.55859375,24319.779296875,24166.6953125,24212.26953125,138997000
2025-11-20 15:30:00-05:00,24214.998046875,24227.8515625,24021.4375,24061.09375,146361000
2025-11-21 09:30:00-05:00,24157.802734375,24218.3046875,23958.361328125,23972.783203125,0
2025-11-21 10:30:00-05:00,23963.39453125,24102.205078125,23857.3984375,24102.205078125,246173415
2025-11-21 11:30:00-05:00,24103.046875,24316.568359375,24076.708984375,24280.951171875,188550996
2025-11-21 12:30:00-05:00,24290.474609375,24337.876953125,24135.20703125,24191.92578125,130384908
2025-11-21 13:30:00-05:00,24184.748046875,24521.2109375,24181.82421875,24509.265625,168100745
2025-11-21 14:30:00-05:00,24508.541015625,24517.669921875,24318.607421875,24318.607421875,155822000
2025-11-21 15:30:00-05:00,24298.21875,24374.56640625,24214.54296875,24239.826171875,139846000
2025-11-24 09:30:00-05:00,24460.2734375,24696.041015625,24460.2734375,24668.326171875,0
2025-11-24 10:30:00-05:00,24658.080078125,24809.654296875,24644.255859375,24793.25,162872315
2025-11-24 11:30:00-05:00,24793.869140625,24815.73828125,24757.681640625,24812.984375,125608479
2025-11-24 12:30:00-05:00,24813.392578125,24880.642578125,24811.64453125,24858.90234375,105045512
2025-11-24 13:30:00-05:00,24858.73828125,24886.88671875,24843.6171875,24860.3125,101044993
2025-11-24 14:30:00-05:00,24862.9765625,24888.595703125,24820.564453125,24865.31640625,124742905
2025-11-24 15:30:00-05:00,24865.197265625,24918.966796875,24855.126953125,24877.115234375,147601546
2025-11-25 09:30:00-05:00,24780.01171875,24809.740234375,24545.185546875,24707.2578125,0
2025-11-25 10:30:00-05:00,24711.92578125,24810.107421875,24698.916015625,24786.58203125,173514312
2025-11-25 11:30:00-05:00,24792.6640625,24944.0,24777.46875,24921.865234375,129449166
2025-11-25 12:30:00-05:00,24924.0,24988.7890625,24911.396484375,24954.33984375,104384456
2025-11-25 13:30:00-05:00,24956.326171875,24981.578125,24894.08984375,24915.3671875,99252021
2025-11-25 14:30:00-05:00,24914.9140625,24986.5078125,24871.583984375,24981.6796875,125717681
2025-11-25 15:30:00-05:00,24983.96875,25069.54296875,24981.640625,25018.830078125,122607000
2025-11-26 09:30:00-05:00,25162.640625,25214.16796875,25079.326171875,25126.990234375,0
2025-11-26 10:30:00-05:00,25130.9453125,25273.4765625,25130.9453125,25259.376953125,125794866
2025-11-26 11:30:00-05:00,25263.453125,25308.68359375,25248.833984375,25273.77734375,98075329
2025-11-26 12:30:00-05:00,25274.455078125,25302.1328125,25223.998046875,25280.34375,87839328
2025-11-26 13:30:00-05:00,25279.90234375,25282.27734375,25224.966796875,25280.775390625,80680397
2025-11-26 14:30:00-05:00,25282.01171875,25296.421875,25246.9921875,25283.119140625,99878539
2025-11-26 15:30:00-05:00,25283.5625,25287.814453125,25234.052734375,25234.052734375,98368257
2025-11-28 09:30:00-05:00,25305.9140625,25363.92578125,25285.1015625,25316.6953125,0
2025-11-28 10:30:00-05:00,25314.689453125,25383.0078125,25305.685546875,25335.498046875,129943514
2025-11-28 11:30:00-05:00,25333.404296875,25382.91015625,25321.623046875,25363.88671875,111485805
2025-12-01 09:30:00-05:00,25229.982421875,25336.603515625,25161.08203125,25276.33984375,0
2025-12-01 10:30:00-05:00,25272.0546875,25366.083984375,25222.0078125,25330.7421875,131010753
2025-12-01 11:30:00-05:00,25334.9375,25413.509765625,25332.94921875,25399.951171875,91502348
2025-12-01 12:30:00-05:00,25401.29296875,25443.205078125,25393.66015625,25410.474609375,86982979
2025-12-01 13:30:00-05:00,25411.521484375,25437.994140625,25340.400390625,25342.201171875,85714503
2025-12-01 14:30:00-05:00,25341.47265625,25362.109375,25307.705078125,25348.927734375,97827631
2025-12-01 15:30:00-05:00,25349.359375,25369.423828125,25315.42578125,25342.912109375,114326823
2025-12-02 09:30:00-05:00,25442.919921875,25601.099609375,25429.736328125,25525.001953125,0
2025-12-02 10:30:00-05:00,25522.482421875,25621.96484375,25399.591796875,25414.302734375,190203516
2025-12-02 11:30:00-05:00,25428.587890625,25564.34375,25369.35546875,25557.49609375,123240047
2025-12-02 12:30:00-05:00,25557.142578125,25572.720703125,25452.19921875,25516.48046875,93368869
2025-12-02 13:30:00-05:00,25513.74609375,25560.671875,25486.59375,25537.7890625,101368906
2025-12-02 14:30:00-05:00,25536.482421875,25591.298828125,25534.076171875,25585.6640625,111954820
2025-12-02 15:30:00-05:00,25584.7890625,25596.76953125,25542.89453125,25555.14453125,113131696
2025-12-03 09:30:00-05:00,25439.42578125,25528.630859375,25388.4375,25487.177734375,0
2025-12-03 10:30:00-05:00,25479.392578125,25557.541015625,25461.86328125,25520.068359375,159017086
2025-12-03 11:30:00-05:00,25517.025390625,25584.515625,25489.107421875,25576.3671875,101647864
2025-12-03 12:30:00-05:00,25576.16796875,25592.126953125,25554.84765625,25580.91796875,80812147
2025-12-03 13:30:00-05:00,25583.927734375,25608.6875,25578.9921875,25600.966796875,91300725
2025-12-03 14:30:00-05:00,25602.251953125,25639.974609375,25597.099609375,25635.755859375,110333374
2025-12-03 15:30:00-05:00,25634.064453125,25637.015625,25596.369140625,25608.78125,116604587
2025-12-04 09:30:00-05:00,25655.587890625,25655.587890625,25482.494140625,25548.0,0
2025-12-04 10:30:00-05:00,25544.85546875,25593.9140625,25470.970703125,25540.314453125,148952333
2025-12-04 11:30:00-05:00,25538.076171875,25604.77734375,25521.548828125,25556.919921875,119546379
2025-12-04 12:30:00-05:00,25558.8828125,25580.552734375,25534.826171875,25579.7578125,90667472
2025-12-04 13:30:00-05:00,25577.5390625,25586.421875,25450.638671875,25489.744140625,95297375
2025-12-04 14:30:00-05:00,25485.56640625,25562.75,25485.494140625,25518.837890625,101464911
2025-12-04 15:30:00-05:00,25517.138671875,25583.326171875,25517.138671875,25583.326171875,103835638
2025-12-05 09:30:00-05:00,25659.185546875,25827.078125,25649.5,25796.568359375,0
2025-12-05 10:30:00-05:00,25796.458984375,25818.6328125,25650.23046875,25660.470703125,180244394
2025-12-05 11:30:00-05:00,25657.58203125,25719.146484375,25619.005859375,25658.021484375,153049316
2025-12-05 12:30:00-05:00,25657.43359375,25706.125,25630.466796875,25705.65234375,118193406
2025-12-05 13:30:00-05:00,25705.642578125,25718.677734375,25671.2578125,25684.365234375,100980324
2025-12-05 14:30:00-05:00,25684.19921875,25703.55859375,25666.021484375,25687.09375,103913968
2025-12-05 15:30:00-05:00,25686.953125,25699.3828125,25639.111328125,25689.453125,114428000
2025-12-08 09:30:00-05:00,25770.900390625,25826.544921875,25624.921875,25666.7109375,0
2025-12-08 10:30:00-05:00,25660.41015625,25687.09765625,25594.9140625,25627.78515625,167457888
2025-12-08 11:30:00-05:00,25628.240234375,25631.755859375,25563.228515625,25579.833984375,124730135
2025-12-08 12:30:00-05:00,25580.322265625,25661.451171875,25576.875,25595.83203125,146503881
2025-12-08 13:30:00-05:00,25593.1015625,25602.9140625,25531.75,25561.962890625,119557127
2025-12-08 14:30:00-05:00,25561.681640625,25584.619140625,25546.638671875,25578.734375,120846697
2025-12-08 15:30:00-05:00,25577.751953125,25631.263671875,25553.21875,25631.263671875,119086789
2025-12-09 09:30:00-05:00,25585.4921875,25631.486328125,25532.337890625,25629.83984375,0
2025-12-09 10:30:00-05:00,25625.552734375,25674.79296875,25605.021484375,25657.857421875,124585793
2025-12-09 11:30:00-05:00,25656.56640625,25696.24609375,25635.890625,25674.75,95865467
2025-12-09 12:30:00-05:00,25675.009765625,25696.095703125,25658.6640625,25692.0703125,90376388
2025-12-09 13:30:00-05:00,25692.14453125,25698.26171875,25658.9765625,25675.384765625,97226482
2025-12-09 14:30:00-05:00,25675.515625,25681.630859375,25652.798828125,25664.947265625,96154051
2025-12-09 15:30:00-05:00,25664.41015625,25687.201171875,25656.65234375,25667.619140625,107218828
2025-12-10 09:30:00-05:00,25634.138671875,25640.369140625,25544.03515625,25607.8359375,0
2025-12-10 10:30:00-05:00,25608.7109375,25620.3984375,25504.677734375,25619.287109375,128360474
2025-12-10 11:30:00-05:00,25619.4765625,25624.669921875,25584.205078125,25595.18359375,95667253
2025-12-10 12:30:00-05:00,25592.076171875,25647.0234375,25569.498046875,25578.208984375,84977885
2025-12-10 13:30:00-05:00,25573.794921875,25704.849609375,25569.00390625,25634.302734375,121669299
2025-12-10 14:30:00-05:00,25635.951171875,25830.49609375,25591.474609375,25803.884765625,180460199
2025-12-10 15:30:00-05:00,25804.8359375,25830.91015625,25768.318359375,25776.21484375,130192439
2025-12-11 09:30:00-05:00,25606.1640625,25606.1640625,25372.623046875,25574.115234375,0
2025-12-11 10:30:00-05:00,25575.607421875,25581.595703125,25436.20703125,25442.11328125,133599924
2025-12-11 11:30:00-05:00,25442.322265625,25607.060546875,25442.322265625,25579.013671875,103686634
2025-12-11 12:30:00-05:00,25581.474609375,25621.7109375,25559.59765625,25597.251953125,99200934
2025-12-11 13:30:00-05:00,25597.0078125,25674.28515625,25589.5078125,25669.939453125,97355958
2025-12-11 14:30:00-05:00,25671.896484375,25696.291015625,25650.587890625,25652.390625,104024838
2025-12-11 15:30:00-05:00,25652.90625,25692.283203125,25635.19921875,25691.603515625,103705705
2025-12-12 09:30:00-05:00,25536.6796875,25604.65625,25304.296875,25305.955078125,0
2025-12-12 10:30:00-05:00,25284.849609375,25385.13671875,25118.64453125,25206.95703125,196044734
2025-12-12 11:30:00-05:00,25203.41015625,25283.119140625,25106.31640625,25205.443359375,130459886
2025-12-12 12:30:00-05:00,25206.140625,25351.373046875,25184.498046875,25319.119140625,103344611
2025-12-12 13:30:00-05:00,25322.041015625,25326.173828125,25200.201171875,25207.126953125,93894202
2025-12-12 14:30:00-05:00,25208.0078125,25246.75390625,25190.62109375,25195.57421875,105302777
2025-12-12 15:30:00-05:00,25198.095703125,25204.345703125,25133.662109375,25200.279296875,135639394
2025-12-15 09:30:00-05:00,25354.8671875,25375.17578125,25023.265625,25050.791015625,0
2025-12-15 10:30:00-05:00,25045.23046875,25245.6484375,25045.23046875,25232.482421875,142739211
2025-12-15 11:30:00-05:00,25236.25,25238.529296875,25106.224609375,25128.748046875,104889121
2025-12-15 12:30:00-05:00,25130.66015625,25165.326171875,25068.763671875,25081.447265625,95646308
2025-12-15 13:30:00-05:00,25080.201171875,25160.15625,25067.333984375,25115.8359375,95520552
2025-12-15 14:30:00-05:00,25117.0,25136.453125,25087.330078125,25101.0703125,118575725
2025-12-15 15:30:00-05:00,25102.693359375,25106.0859375,25060.8125,25066.716796875,131386541
2025-12-16 09:30:00-05:00,25009.62890625,25138.53125,24925.12109375,24979.806640625,0
2025-12-16 10:30:00-05:00,24988.400390625,25080.345703125,24940.33203125,24975.751953125,134298091
2025-12-16 11:30:00-05:00,24977.185546875,25090.83984375,24962.716796875,25016.9609375,108481398
2025-12-16 12:30:00-05:00,25014.9921875,25059.296875,24926.232421875,24948.23046875,89318756
2025-12-16 13:30:00-05:00,24951.12109375,25087.083984375,24951.029296875,25026.517578125,99520694
2025-12-16 14:30:00-05:00,25025.275390625,25121.8671875,25022.759765625,25120.109375,117920495
2025-12-16 15:30:00-05:00,25119.50390625,25188.0390625,25119.50390625,25126.58203125,131002042
2025-12-17 09:30:00-05:00,25173.1796875,25189.841796875,25009.9921875,25077.85546875,0
2025-12-17 10:30:00-05:00,25076.66015625,25086.515625,24771.283203125,24834.2421875,201759847
2025-12-17 11:30:00-05:00,24824.564453125,24839.7421875,24751.3671875,24807.513671875,128379879
2025-12-17 12:30:00-05:00,24807.80078125,24844.19140625,24755.673828125,24778.625,104724467
2025-12-17 13:30:00-05:00,24775.32421875,24781.181640625,24701.5703125,24706.251953125,115517099
2025-12-17 14:30:00-05:00,24706.109375,24750.8984375,24687.771484375,24716.7890625,119898529
2025-12-17 15:30:00-05:00,24721.814453125,24735.16015625,24648.5078125,24655.7265625,130326730
2025-12-18 09:30:00-05:00,25025.62109375,25094.646484375,24921.451171875,25079.56640625,0
2025-12-18 10:30:00-05:00,25086.6171875,25161.759765625,25068.4453125,25112.166015625,165564261
2025-12-18 11:30:00-05:00,25109.064453125,25162.544921875,24944.904296875,24989.3671875,130755972
2025-12-18 12:30:00-05:00,24989.25,25127.900390625,24978.662109375,25117.306640625,98650053
2025-12-18 13:30:00-05:00,25118.24609375,25154.626953125,25018.203125,25036.73828125,97867798
2025-12-18 14:30:00-05:00,25036.392578125,25069.783203125,24954.693359375,25064.509765625,115610284
2025-12-18 15:30:00-05:00,25064.240234375,25096.24609375,25015.50390625,25015.50390625,105954797
2025-12-19 09:30:00-05:00,25137.1328125,25353.83984375,25137.1328125,25266.091796875,442027708
2025-12-19 10:30:00-05:00,25259.361328125,25317.55078125,25226.71875,25301.294921875,147316772
2025-12-19 11:30:00-05:00,25300.666015625,25336.5,25259.83984375,25331.1640625,115162987
2025-12-19 12:30:00-05:00,25330.90234375,25352.81640625,25317.587890625,25332.966796875,97293641
2025-12-19 13:30:00-05:00,25333.666015625,25345.095703125,25306.814453125,25340.591796875,93773413
2025-12-19 14:30:00-05:00,25340.900390625,25350.65625,25329.349609375,25342.421875,121822785
2025-12-19 15:30:00-05:00,25343.001953125,25353.873046875,25311.974609375,25344.29296875,164897000
2025-12-22 09:30:00-05:00,25530.251953125,25551.4765625,25444.181640625,25458.220703125,0
2025-12-22 10:30:00-05:00,25458.02734375,25487.98828125,25402.71875,25478.611328125,116862542
2025-12-22 11:30:00-05:00,25478.55859375,25484.748046875,25459.712890625,25467.103515625,85343199
2025-12-22 12:30:00-05:00,25466.75390625,25489.62109375,25445.34375,25458.48046875,73662024
2025-12-22 13:30:00-05:00,25458.10546875,25466.623046875,25443.58984375,25464.52734375,72867687
2025-12-22 14:30:00-05:00,25464.701171875,25478.759765625,25445.16796875,25454.056640625,80203003
2025-12-22 15:30:00-05:00,25454.912109375,25466.998046875,25446.2421875,25459.16796875,86237808
2025-12-23 09:30:00-05:00,25435.05859375,25519.28125,25404.39453125,25442.21875,0
2025-12-23 10:30:00-05:00,25444.390625,25521.224609375,25444.390625,25510.572265625,107173525
2025-12-23 11:30:00-05:00,25511.634765625,25545.513671875,25503.58984375,25534.142578125,85644459
2025-12-23 12:30:00-05:00,25533.94921875,25546.072265625,25518.29296875,25538.25390625,68844901
2025-12-23 13:30:00-05:00,25538.453125,25557.546875,25536.80859375,25554.251953125,69401620
2025-12-23 14:30:00-05:00,25553.27734375,25572.326171875,25548.853515625,25565.6953125,75252468
2025-12-23 15:30:00-05:00,25563.119140625,25589.62109375,25562.23828125,25586.734375,87736286
2025-12-24 09:30:00-05:00,25581.67578125,25615.10546875,25556.8515625,25589.97265625,0
2025-12-24 10:30:00-05:00,25590.60546875,25630.259765625,25587.162109375,25628.35546875,77642588
2025-12-24 11:30:00-05:00,25628.025390625,25657.12890625,25626.791015625,25649.6171875,68210844
2025-12-26 09:30:00-05:00,25691.63671875,25714.197265625,25620.861328125,25670.322265625,0
2025-12-26 10:30:00-05:00,25669.064453125,25695.576171875,25647.23828125,25667.05859375,81522744
2025-12-26 11:30:00-05:00,25666.953125,25675.82421875,25635.755859375,25663.66015625,52476204
2025-12-26 12:30:00-05:00,25663.8984375,25667.45703125,25640.623046875,25654.634765625,47228962
2025-12-26 13:30:00-05:00,25654.09765625,25684.0,25653.845703125,25666.041015625,54533392
2025-12-26 14:30:00-05:00,25666.404296875,25677.080078125,25652.7421875,25657.0703125,56146622
2025-12-26 15:30:00-05:00,25656.609375,25661.6171875,25639.927734375,25644.3359375,65818391
2025-12-29 09:30:00-05:00,25462.26171875,25597.943359375,25451.09375,25531.458984375,0
2025-12-29 10:30:00-05:00,25530.904296875,25555.0703125,25466.796875,25489.73828125,81313950
2025-12-29 11:30:00-05:00,25488.591796875,25503.580078125,25442.080078125,25447.0703125,63935978
2025-12-29 12:30:00-05:00,25447.05078125,25497.37890625,25446.517578125,25490.078125,56743266
2025-12-29 13:30:00-05:00,25489.892578125,25514.046875,25474.94921875,25497.974609375,55641264
2025-12-29 14:30:00-05:00,25498.443359375,25557.640625,25498.333984375,25535.3984375,67643692
2025-12-29 15:30:00-05:00,25535.232421875,25542.455078125,25516.26171875,25528.130859375,74254369
2025-12-30 09:30:00-05:00,25510.6796875,25556.923828125,25464.83984375,25486.8671875,0
2025-12-30 10:30:00-05:00,25487.365234375,25577.09765625,25474.57421875,25557.416015625,88920161
2025-12-30 11:30:00-05:00,25557.23046875,25560.033203125,25494.34765625,25511.197265625,63141834
2025-12-30 12:30:00-05:00,25511.28125,25525.357421875,25498.453125,25524.0078125,51889162
2025-12-30 13:30:00-05:00,25523.765625,25529.79296875,25503.0078125,25522.39453125,54065669
2025-12-30 14:30:00-05:00,25522.568359375,25526.0859375,25476.365234375,25494.66015625,63913258
2025-12-30 15:30:00-05:00,25493.32421875,25503.1796875,25458.5703125,25462.685546875,76804042
2025-12-31 09:30:00-05:00,25457.595703125,25483.767578125,25370.626953125,25396.083984375,0
2025-12-31 10:30:00-05:00,25397.4453125,25400.73828125,25346.51953125,25394.05078125,67066569
2025-12-31 11:30:00-05:00,25394.328125,25403.0859375,25368.029296875,25385.154296875,55222978
2025-12-31 12:30:00-05:00,25385.068359375,25400.03515625,25371.27734375,25398.556640625,49618557
2025-12-31 13:30:00-05:00,25398.734375,25428.451171875,25377.955078125,25378.322265625,52844225
2025-12-31 14:30:00-05:00,25378.544921875,25380.7109375,25274.5859375,25277.439453125,68878173
2025-12-31 15:30:00-05:00,25276.47265625,25312.58984375,25244.857421875,25257.5078125,77805563
2026-01-02 09:30:00-05:00,25526.392578125,25597.533203125,25272.19140625,25298.0,0
2026-01-02 10:30:00-05:00,25291.328125,25404.462890625,25114.759765625,25192.626953125,162977829
2026-01-02 11:30:00-05:00,25189.015625,25232.248046875,25119.818359375,25198.7265625,101907800
2026-01-02 12:30:00-05:00,25199.970703125,25212.47265625,25126.955078125,25148.025390625,88318539
2026-01-02 13:30:00-05:00,25147.97265625,25225.794921875,25086.404296875,25220.990234375,91478621
2026-01-02 14:30:00-05:00,25221.380859375,25266.30859375,25205.19921875,25247.658203125,94094950
2026-01-02 15:30:00-05:00,25245.986328125,25251.150390625,25184.81640625,25204.828125,99564419
2026-01-05 09:30:00-05:00,25465.5078125,25497.638671875,25357.994140625,25489.83203125,0
2026-01-05 10:30:00-05:00,25495.07421875,25510.27734375,25454.56640625,25500.966796875,156030889
2026-01-05 11:30:00-05:00,25499.166015625,25519.953125,25432.365234375,25443.63671875,133220266
2026-01-05 12:30:00-05:00,25439.015625,25448.375,25377.228515625,25418.12109375,102401573
2026-01-05 13:30:00-05:00,25419.060546875,25438.501953125,25400.92578125,25403.013671875,91851696
2026-01-05 14:30:00-05:00,25401.603515625,25418.45703125,25367.552734375,25414.43359375,103081986
2026-01-05 15:30:00-05:00,25412.3984375,25426.109375,25382.302734375,25402.388671875,103567776
2026-01-06 09:30:00-05:00,25487.5859375,25592.10546875,25431.001953125,25585.869140625,0
2026-01-06 10:30:00-05:00,25587.701171875,25587.701171875,25465.71484375,25497.5078125,0
2026-01-06 11:30:00-05:00,25491.953125,25560.564453125,25481.103515625,25549.8984375,572396054
2026-01-06 12:30:00-05:00,25549.82421875,25598.525390625,25549.82421875,25577.03125,104838187
2026-01-06 13:30:00-05:00,25579.1640625,25626.462890625,25568.05078125,25623.53515625,96965661
2026-01-06 14:30:00-05:00,25625.841796875,25635.169921875,25617.97265625,25624.552734375,0
2026-01-06 15:30:00-05:00,25623.5078125,25653.388671875,25622.564453125,25644.853515625,980647039
2026-01-07 09:30:00-05:00,25629.2421875,25700.26171875,25597.33984375,25685.46484375,0
2026-01-07 10:30:00-05:00,25685.564453125,25746.36328125,25641.529296875,25711.2265625,180284663
2026-01-07 11:30:00-05:00,25716.67578125,25806.005859375,25712.8984375,25802.24609375,121683564
2026-01-07 12:30:00-05:00,25802.63671875,25812.619140625,25749.423828125,25752.251953125,102261138
2026-01-07 13:30:00-05:00,25753.798828125,25796.73828125,25713.140625,25721.138671875,108037901
2026-01-07 14:30:00-05:00,25721.099609375,25739.193359375,25674.822265625,25679.673828125,108248128
2026-01-07 15:30:00-05:00,25680.365234375,25680.365234375,25640.265625,25654.546875,111794628
2026-01-08 09:30:00-05:00,25608.259765625,25608.658203125,25401.37109375,25525.451171875,0
2026-01-08 10:30:00-05:00,25522.43359375,25530.6328125,25442.35546875,25450.939453125,160193231
2026-01-08 11:30:00-05:00,25447.494140625,25503.6484375,25414.890625,25462.501953125,113077852
2026-01-08 12:30:00-05:00,25462.77734375,25526.248046875,25448.12109375,25484.708984375,94082221
2026-01-08 13:30:00-05:00,25485.53515625,25498.8203125,25424.818359375,25452.2578125,90691589
2026-01-08 14:30:00-05:00,25452.75,25504.021484375,25439.7109375,25497.23828125,102435303
2026-01-08 15:30:00-05:00,25502.0,25521.31640625,25489.93359375,25507.515625,99560987
2026-01-09 09:30:00-05:00,25520.259765625,25683.3203125,25455.97265625,25679.044921875,0
2026-01-09 10:30:00-05:00,25681.140625,25725.2265625,25599.095703125,25690.533203125,155525234
2026-01-09 11:30:00-05:00,25686.970703125,25750.189453125,25676.513671875,25739.05859375,113764531
2026-01-09 12:30:00-05:00,25738.615234375,25760.068359375,25713.080078125,25735.951171875,112020077
2026-01-09 13:30:00-05:00,25735.916015625,25792.923828125,25735.916015625,25786.69921875,94516300
2026-01-09 14:30:00-05:00,25786.177734375,25811.353515625,25776.43359375,25794.8984375,103670512
2026-01-09 15:30:00-05:00,25794.501953125,25799.583984375,25762.583984375,25762.583984375,102310014
2026-01-12 09:30:00-05:00,25609.27734375,25765.8671875,25609.27734375,25755.828125,0
2026-01-12 10:30:00-05:00,25756.029296875,25792.0859375,25701.1953125,25771.1328125,129962524
2026-01-12 11:30:00-05:00,25771.5703125,25805.857421875,25756.66796875,25794.7734375,109823903
2026-01-12 12:30:00-05:00,25794.537109375,25827.208984375,25772.380859375,25823.8125,84931476
2026-01-12 13:30:00-05:00,25824.791015625,25832.671875,25794.88671875,25829.595703125,80362374
2026-01-12 14:30:00-05:00,25829.32421875,25849.521484375,25819.44921875,25824.154296875,93678188
2026-01-12 15:30:00-05:00,25820.806640625,25826.763671875,25786.953125,25786.953125,102214762
2026-01-13 09:30:00-05:00,25772.060546875,25873.177734375,25655.029296875,25677.962890625,0
2026-01-13 10:30:00-05:00,25678.806640625,25758.80078125,25652.240234375,25741.0625,152555904
2026-01-13 11:30:00-05:00,25737.490234375,25859.45703125,25735.28515625,25801.779296875,133715527
2026-01-13 12:30:00-05:00,25804.2421875,25811.251953125,25692.63671875,25713.318359375,100759378
2026-01-13 13:30:00-05:00,25713.638671875,25736.328125,25657.345703125,25701.306640625,97983822
2026-01-13 14:30:00-05:00,25700.345703125,25721.32421875,25663.21484375,25664.470703125,116254261
2026-01-13 15:30:00-05:00,25662.0078125,25743.798828125,25642.46484375,25743.798828125,130627241
2026-01-14 09:30:00-05:00,25577.2109375,25620.01953125,25377.01171875,25452.2578125,282243635
2026-01-14 10:30:00-05:00,25453.0078125,25465.474609375,25313.6796875,25417.033203125,157123223
2026-01-14 11:30:00-05:00,25413.2578125,25427.029296875,25284.466796875,25332.734375,124111986
2026-01-14 12:30:00-05:00,25332.537109375,25346.896484375,25276.7890625,25336.712890625,100690617
2026-01-14 13:30:00-05:00,25336.587890625,25362.720703125,25266.306640625,25351.544921875,99244999
2026-01-14 14:30:00-05:00,25352.453125,25426.01953125,25306.748046875,25398.712890625,123487347
2026-01-14 15:30:00-05:00,25399.900390625,25469.87109375,25399.900390625,25469.87109375,120962133
2026-01-15 09:30:00-05:00,25757.6015625,25780.0703125,25681.3359375,25696.89453125,0
2026-01-15 10:30:00-05:00,25698.244140625,25760.494140625,25650.2890625,25740.958984375,149400841
2026-01-15 11:30:00-05:00,25739.322265625,25774.251953125,25717.98828125,25718.390625,111381307
2026-01-15 12:30:00-05:00,25718.73046875,25735.298828125,25689.87109375,25735.298828125,89812543
2026-01-15 13:30:00-05:00,25734.30078125,25745.916015625,25632.54296875,25638.095703125,99015060
2026-01-15 14:30:00-05:00,25634.658203125,25639.990234375,25533.134765625,25556.083984375,118399471
2026-01-15 15:30:00-05:00,25556.064453125,25562.138671875,25520.408203125,25545.123046875,109055377
2026-01-16 09:30:00-05:00,25704.6875,25732.34765625,25517.6328125,25517.6328125,0
2026-01-16 10:30:00-05:00,25519.548828125,25563.333984375,25445.458984375,25561.06640625,144689222
2026-01-16 11:30:00-05:00,25562.974609375,25595.5625,25537.9375,25548.14453125,111966228
2026-01-16 12:30:00-05:00,25544.03515625,25572.4296875,25503.82421875,25563.009765625,98904648
2026-01-16 13:30:00-05:00,25562.7421875,25589.609375,25520.478515625,25528.57421875,91603670
2026-01-16 14:30:00-05:00,25526.76953125,25573.19921875,25526.626953125,25557.4140625,108228696
2026-01-16 15:30:00-05:00,25554.478515625,25566.236328125,25527.27734375,25527.27734375,115461387
2026-01-20 09:30:00-05:00,25165.744140625,25218.783203125,25101.935546875,25214.732421875,0
2026-01-20 10:30:00-05:00,25210.205078125,25279.3125,25186.462890625,25258.1015625,184669906
2026-01-20 11:30:00-05:00,25256.453125,25278.84375,25185.44921875,25193.080078125,141293997
2026-01-20 12:30:00-05:00,25187.3828125,25187.3828125,25102.162109375,25104.66015625,116444041
2026-01-20 13:30:00-05:00,25101.646484375,25108.291015625,25007.48828125,25015.54296875,121207079
2026-01-20 14:30:00-05:00,25016.380859375,25033.556640625,24973.56640625,24983.259765625,147040278
2026-01-20 15:30:00-05:00,24986.841796875,24995.935546875,24954.64453125,24989.302734375,141717000
2026-01-21 09:30:00-05:00,25043.619140625,25239.7578125,24996.69140625,25233.908203125,0
2026-01-21 10:30:00-05:00,25234.078125,25343.74609375,25234.078125,25315.28515625,207967813
2026-01-21 11:30:00-05:00,25311.982421875,25311.982421875,25005.828125,25069.193359375,171195635
2026-01-21 12:30:00-05:00,25067.908203125,25117.552734375,25015.25390625,25092.806640625,123613161
2026-01-21 13:30:00-05:00,25094.1171875,25304.7578125,25068.994140625,25289.560546875,122146131
2026-01-21 14:30:00-05:00,25299.439453125,25498.623046875,25283.3828125,25342.5625,220836000
2026-01-21 15:30:00-05:00,25336.01171875,25367.8671875,25301.796875,25323.029296875,142314000
2026-01-22 09:30:00-05:00,25542.07421875,25558.37890625,25400.673828125,25454.53125,0
2026-01-22 10:30:00-05:00,25453.26171875,25541.91015625,25436.40234375,25528.484375,152973126
2026-01-22 11:30:00-05:00,25528.740234375,25552.59375,25512.326171875,25535.013671875,111433915
2026-01-22 12:30:00-05:00,25537.17578125,25576.26953125,25536.685546875,25557.103515625,106539783
2026-01-22 13:30:00-05:00,25555.646484375,25569.60546875,25525.31640625,25565.123046875,98811066
2026-01-22 14:30:00-05:00,25564.9140625,25567.94921875,25468.208984375,25468.208984375,121898318
2026-01-22 15:30:00-05:00,25464.3984375,25517.6796875,25445.94921875,25517.490234375,121149888
2026-01-23 09:30:00-05:00,25501.884765625,25626.505859375,25435.125,25617.24609375,0
2026-01-23 10:30:00-05:00,25615.298828125,25709.7421875,25614.34765625,25657.892578125,174585949
2026-01-23 11:30:00-05:00,25657.142578125,25687.966796875,25629.228515625,25663.44140625,134097705
2026-01-23 12:30:00-05:00,25662.5703125,25663.125,25553.876953125,25620.251953125,121349163
2026-01-23 13:30:00-05:00,25621.955078125,25638.63671875,25584.96484375,25613.171875,102078841
2026-01-23 14:30:00-05:00,25611.9609375,25624.37109375,25562.55859375,25578.0625,110063154
2026-01-23 15:30:00-05:00,25578.03515625,25619.681640625,25564.345703125,25601.705078125,119678000
2026-01-26 09:30:00-05:00,25617.671875,25750.154296875,25581.513671875,25711.810546875,0
2026-01-26 10:30:00-05:00,25714.087890625,25772.0,25703.306640625,25770.919921875,150772350
2026-01-26 11:30:00-05:00,25773.923828125,25796.447265625,25756.642578125,25781.740234375,98076549
2026-01-26 12:30:00-05:00,25780.423828125,25781.41015625,25743.521484375,25775.197265625,81191758
2026-01-26 13:30:00-05:00,25774.2578125,25795.138671875,25755.328125,25769.091796875,83458477
2026-01-26 14:30:00-05:00,25768.966796875,25778.7578125,25737.521484375,25750.146484375,94209603
2026-01-26 15:30:00-05:00,25749.68359375,25762.14453125,25708.9609375,25713.259765625,101276503
2026-01-27 09:30:00-05:00,25847.814453125,25941.9453125,25793.77734375,25916.896484375,0
2026-01-27 10:30:00-05:00,25914.25,25971.634765625,25914.25,25958.08203125,135526225
2026-01-27 11:30:00-05:00,25960.828125,25967.3359375,25921.623046875,25953.16796875,97482990
2026-01-27 12:30:00-05:00,25952.619140625,25957.8046875,25911.66015625,25946.88671875,90664505
2026-01-27 13:30:00-05:00,25947.2578125,25964.146484375,25943.388671875,25961.056640625,90237072
2026-01-27 14:30:00-05:00,25962.9375,25982.59375,25947.541015625,25965.939453125,105795411
2026-01-27 15:30:00-05:00,25964.26953125,25967.841796875,25937.587890625,25940.65234375,109812217
2026-01-28 09:30:00-05:00,26117.318359375,26163.1015625,26084.201171875,26092.9140625,0
2026-01-28 10:30:00-05:00,26094.388671875,26104.810546875,26024.14453125,26053.88671875,146845905
2026-01-28 11:30:00-05:00,26052.294921875,26052.294921875,25975.53515625,25998.921875,124394616
2026-01-28 12:30:00-05:00,25997.94140625,26042.623046875,25983.103515625,26032.3125,95007056
2026-01-28 13:30:00-05:00,26033.470703125,26062.337890625,25992.6328125,25992.6328125,101649609
2026-01-28 14:30:00-05:00,25988.09765625,26082.140625,25986.609375,26044.962890625,146823920
2026-01-28 15:30:00-05:00,26044.35546875,26056.666015625,26009.205078125,26018.7421875,122396586
2026-01-29 09:30:00-05:00,26024.32421875,26045.703125,25603.583984375,25615.80859375,0
2026-01-29 10:30:00-05:00,25612.283203125,25625.294921875,25421.416015625,25569.328125,233127984
2026-01-29 11:30:00-05:00,25567.8046875,25727.2109375,25552.89453125,25718.427734375,144561085
2026-01-29 12:30:00-05:00,25717.392578125,25755.92578125,25633.12890625,25727.951171875,122271598
2026-01-29 13:30:00-05:00,25724.638671875,25776.20703125,25701.62109375,25759.1640625,109208400
2026-01-29 14:30:00-05:00,25759.302734375,25763.994140625,25714.720703125,25730.134765625,127464000
2026-01-29 15:30:00-05:00,25729.404296875,25895.599609375,25724.806640625,25878.1875,143448000
2026-01-30 09:30:00-05:00,25742.658203125,25821.419921875,25681.283203125,25681.283203125,270270386
2026-01-30 10:30:00-05:00,25667.78515625,25688.595703125,25662.630859375,25688.595703125,16364623
2026-02-02 13:30:00-05:00,25823.591796875,25829.986328125,25805.87890625,25809.794921875,457512299
2026-02-02 14:30:00-05:00,25808.353515625,25808.353515625,25708.96875,25750.453125,144611420
2026-02-02 15:30:00-05:00,25748.291015625,25753.751953125,25719.59375,25737.904296875,124302359
2026-02-03 09:30:00-05:00,25814.8828125,25835.298828125,25371.162109375,25437.65234375,0
2026-02-03 10:30:00-05:00,25442.798828125,25518.068359375,25378.2578125,25390.88671875,211528122
2026-02-03 11:30:00-05:00,25389.359375,25424.376953125,25298.220703125,25310.4375,169565456
2026-02-03 12:30:00-05:00,25309.064453125,25316.73046875,25208.88671875,25225.244140625,167858330
2026-02-03 13:30:00-05:00,25224.544921875,25250.099609375,25112.498046875,25187.091796875,164695081
2026-02-03 14:30:00-05:00,25188.798828125,25234.685546875,25131.27734375,25226.330078125,169833000
2026-02-03 15:30:00-05:00,25225.0390625,25347.380859375,25225.0390625,25343.71875,148382000
2026-02-04 09:30:00-05:00,25247.599609375,25272.587890625,25008.33984375,25142.609375,396475159
2026-02-04 10:30:00-05:00,25137.384765625,25162.623046875,24942.76953125,25027.171875,257171856
2026-02-04 11:30:00-05:00,25022.154296875,25023.951171875,24777.05078125,24784.033203125,193410065
2026-02-04 12:30:00-05:00,24778.732421875,24845.607421875,24681.2734375,24842.8828125,191930621
2026-02-04 13:30:00-05:00,24841.560546875,24861.171875,24736.431640625,24857.4375,157397000
2026-02-04 14:30:00-05:00,24859.353515625,25015.162109375,24859.353515625,24957.96875,194867000
2026-02-04 15:30:00-05:00,24961.8515625,24996.42578125,24879.5,24891.271484375,146943000
2026-02-05 09:30:00-05:00,24615.291015625,24848.052734375,24455.4609375,24482.5390625,0
2026-02-05 10:30:00-05:00,24481.1015625,24682.646484375,24458.26953125,24674.572265625,231421190
2026-02-05 11:30:00-05:00,24686.34375,24760.283203125,24630.224609375,24741.6484375,166200422
2026-02-05 12:30:00-05:00,24741.115234375,24785.537109375,24615.9296875,24634.541015625,152258088
2026-02-05 13:30:00-05:00,24638.986328125,24735.580078125,24565.20703125,24665.84765625,143360000
2026-02-05 14:30:00-05:00,24665.482421875,24703.23046875,24532.462890625,24534.88671875,169281000
2026-02-05 15:30:00-05:00,24538.337890625,24573.5859375,24471.556640625,24556.0859375,146170000
2026-02-06 09:30:00-05:00,24652.13671875,24893.462890625,24622.33203125,24810.615234375,420083181
2026-02-06 10:30:00-05:00,24809.671875,24941.03125,24777.634765625,24913.70703125,221787905
2026-02-06 11:30:00-05:00,24922.51953125,24984.12109375,24892.40234375,24979.9921875,183438504
2026-02-06 12:30:00-05:00,24980.07421875,25034.330078125,24952.37890625,25000.94140625,153774268
2026-02-06 13:30:00-05:00,25001.16796875,25018.732421875,24978.583984375,25016.693359375,121407000
2026-02-06 14:30:00-05:00,25008.716796875,25037.021484375,24967.8125,25019.73046875,153443000
2026-02-06 15:30:00-05:00,25019.787109375,25131.099609375,25013.38671875,25072.828125,155222000
2026-02-09 09:30:00-05:00,24952.36328125,25165.7421875,24876.279296875,25098.55078125,0
2026-02-09 10:30:00-05:00,25106.162109375,25267.681640625,25106.162109375,25267.681640625,167092476
2026-02-09 11:30:00-05:00,25266.513671875,25329.677734375,25253.84375,25294.25390625,149050248
2026-02-09 12:30:00-05:00,25296.416015625,25310.052734375,25233.826171875,25255.412109375,107849770
2026-02-09 13:30:00-05:00,25256.46484375,25333.0390625,25247.5234375,25329.89453125,106079596
2026-02-09 14:30:00-05:00,25330.125,25337.54296875,25270.74609375,25275.94140625,120486450
2026-02-09 15:30:00-05:00,25271.93359375,25302.357421875,25250.068359375,25262.845703125,120428000
2026-02-10 09:30:00-05:00,25302.79296875,25363.125,25177.673828125,25318.8515625,291472003
2026-02-10 10:30:00-05:00,25314.216796875,25351.0,25251.67578125,25265.88671875,168687910
2026-02-10 11:30:00-05:00,25255.314453125,25298.908203125,25224.73046875,25281.904296875,135321506
2026-02-10 12:30:00-05:00,25281.166015625,25310.765625,25208.693359375,25208.8984375,100156924
2026-02-10 13:30:00-05:00,25210.298828125,25237.140625,25191.296875,25214.203125,93185621
2026-02-10 14:30:00-05:00,25215.427734375,25226.921875,25160.265625,25169.548828125,118324651
2026-02-10 15:30:00-05:00,25168.107421875,25184.390625,25114.21875,25121.166015625,123315509
2026-02-11 09:30:00-05:00,25333.798828125,25381.80859375,24982.298828125,25003.337890625,332069484
2026-02-11 10:30:00-05:00,24995.478515625,25190.677734375,24995.478515625,25117.771484375,193317361
2026-02-11 11:30:00-05:00,25112.318359375,25209.38671875,25064.80078125,25203.576171875,142171828
2026-02-11 12:30:00-05:00,25203.6171875,25236.400390625,25123.52734375,25193.677734375,115145083
2026-02-11 13:30:00-05:00,25196.943359375,25273.498046875,25175.640625,25265.197265625,115467575
2026-02-11 14:30:00-05:00,25265.388671875,25271.251953125,25202.232421875,25202.232421875,133232726
2026-02-11 15:30:00-05:00,25198.056640625,25237.130859375,25191.9453125,25194.892578125,127727000
2026-02-12 09:30:00-05:00,25272.291015625,25308.0546875,25092.6484375,25154.5546875,0
2026-02-12 10:30:00-05:00,25156.3046875,25169.5390625,24734.0703125,24737.904296875,256326861
2026-02-12 11:30:00-05:00,24737.640625,24844.09765625,24734.23046875,24795.4375,190696094
2026-02-12 12:30:00-05:00,24795.13671875,24859.12109375,24728.552734375,24763.328125,145594318
2026-02-12 13:30:00-05:00,24760.224609375,24848.25,24748.47265625,24792.08984375,134853187
2026-02-12 14:30:00-05:00,24795.365234375,24861.4765625,24722.431640625,24724.681640625,147974000
2026-02-12 15:30:00-05:00,24723.208984375,24753.451171875,24643.91015625,24693.134765625,149916000
2026-02-13 09:30:00-05:00,24684.380859375,24795.5546875,24516.287109375,24782.876953125,0
2026-02-13 10:30:00-05:00,24780.232421875,24857.275390625,24656.27734375,24770.0,168679253
2026-02-13 11:30:00-05:00,24779.396484375,24896.23046875,24750.39453125,24878.474609375,113295294
2026-02-13 12:30:00-05:00,24877.037109375,24919.48046875,24833.388671875,24877.185546875,93531421
2026-02-13 13:30:00-05:00,24877.97265625,24921.322265625,24845.78515625,24850.142578125,90999048
2026-02-13 14:30:00-05:00,24849.31640625,24874.875,24686.986328125,24694.94140625,113958886
2026-02-13 15:30:00-05:00,24695.23828125,24737.861328125,24665.94140625,24737.861328125,122231668
2026-02-17 09:30:00-05:00,24582.11328125,24745.1328125,24410.26171875,24462.111328125,0
2026-02-17 10:30:00-05:00,24467.1875,24723.314453125,24388.52734375,24660.236328125,166395165
2026-02-17 11:30:00-05:00,24661.05859375,24714.47265625,24607.537109375,24680.41015625,113947209
2026-02-17 12:30:00-05:00,24682.890625,24712.279296875,24546.41796875,24698.896484375,109290797
2026-02-17 13:30:00-05:00,24699.3671875,24801.77734375,24685.927734375,24766.748046875,101284128
2026-02-17 14:30:00-05:00,24770.033203125,24818.201171875,24702.9765625,24706.0234375,104014135
2026-02-17 15:30:00-05:00,24702.08203125,24725.279296875,24672.173828125,24709.6484375,108444186
2026-02-18 09:30:00-05:00,24718.736328125,25002.2421875,24700.373046875,24989.083984375,0
2026-02-18 10:30:00-05:00,24988.26171875,25045.658203125,24955.75,25024.87109375,138531161
2026-02-18 11:30:00-05:00,25025.76171875,25055.630859375,24994.05859375,25022.552734375,98992106
2026-02-18 12:30:00-05:00,25021.70703125,25057.10546875,24986.248046875,24994.68359375,81326713
2026-02-18 13:30:00-05:00,24996.876953125,25004.158203125,24918.45703125,24925.078125,92726106
2026-02-18 14:30:00-05:00,24930.244140625,24930.578125,24791.869140625,24812.703125,117922679
2026-02-18 15:30:00-05:00,24809.16796875,24931.9375,24809.16796875,24891.728515625,111468801
2026-02-19 09:30:00-05:00,24765.115234375,24882.216796875,24711.697265625,24797.828125,0
2026-02-19 10:30:00-05:00,24789.689453125,24888.95703125,24789.689453125,24813.849609375,128079014
2026-02-19 11:30:00-05:00,24814.626953125,24850.76953125,24742.33984375,24796.04296875,98323058
2026-02-19 12:30:00-05:00,24793.677734375,24803.849609375,24692.115234375,24724.169921875,91136378
2026-02-19 13:30:00-05:00,24725.291015625,24782.080078125,24705.501953125,24741.30078125,75588844
2026-02-19 14:30:00-05:00,24740.4609375,24755.6328125,24691.1328125,24723.169921875,99351202
2026-02-19 15:30:00-05:00,24722.119140625,24797.5,24722.119140625,24795.70703125,100072884
2026-02-20 09:30:00-05:00,24639.236328125,25008.755859375,24639.236328125,24912.142578125,0
2026-02-20 10:30:00-05:00,24912.609375,25075.806640625,24857.802734375,24924.955078125,179195037
2026-02-20 11:30:00-05:00,24922.240234375,25066.71484375,24830.955078125,24865.96875,133884987
2026-02-20 12:30:00-05:00,24865.169921875,24983.091796875,24859.619140625,24909.330078125,129665734
2026-02-20 13:30:00-05:00,24904.35546875,25057.916015625,24880.83203125,24991.55859375,122519910
2026-02-20 14:30:00-05:00,24991.9140625,25014.6171875,24956.048828125,24961.41796875,107395636
2026-02-20 15:30:00-05:00,24960.38671875,25012.408203125,24960.38671875,25012.408203125,107160201
2026-02-23 09:30:00-05:00,24952.923828125,24977.080078125,24789.326171875,24815.45703125,0
2026-02-23 10:30:00-05:00,24815.458984375,24838.630859375,24619.44140625,24719.47265625,166091785
2026-02-23 11:30:00-05:00,24718.283203125,24731.138671875,24673.0078125,24689.763671875,137172733
2026-02-23 12:30:00-05:00,24689.5625,24762.771484375,24624.66015625,24753.203125,111639583
2026-02-23 13:30:00-05:00,24753.30078125,24761.404296875,24657.982421875,24659.853515625,101885232
2026-02-23 14:30:00-05:00,24661.095703125,24674.216796875,24627.728515625,24654.27734375,118034281
2026-02-23 15:30:00-05:00,24657.697265625,24714.083984375,24655.978515625,24714.083984375,112915363
2026-02-24 09:30:00-05:00,24760.416015625,24956.931640625,24648.44140625,24956.931640625,0
2026-02-24 10:30:00-05:00,24956.130859375,24990.380859375,24917.212890625,24959.255859375,161860390
2026-02-24 11:30:00-05:00,24958.21875,25017.09375,24916.806640625,25004.025390625,118757254
2026-02-24 12:30:00-05:00,25002.69140625,25022.66796875,24962.27734375,24963.9921875,90996600
2026-02-24 13:30:00-05:00,24964.271484375,24992.81640625,24937.771484375,24949.2265625,105255147
2026-02-24 14:30:00-05:00,24948.134765625,24989.85546875,24944.625,24945.390625,105336378
2026-02-24 15:30:00-05:00,24945.974609375,25016.1484375,24943.796875,24976.3046875,129803473
2026-02-25 09:30:00-05:00,25142.79296875,25301.150390625,25142.79296875,25283.974609375,0
2026-02-25 10:30:00-05:00,25285.748046875,25291.705078125,25219.486328125,25250.822265625,156085223
2026-02-25 11:30:00-05:00,25250.49609375,25290.46875,25246.318359375,25269.994140625,128432368
2026-02-25 12:30:00-05:00,25269.896484375,25305.69921875,25264.1796875,25287.931640625,98316417
2026-02-25 13:30:00-05:00,25287.9296875,25327.853515625,25284.947265625,25320.224609375,99285746
2026-02-25 14:30:00-05:00,25319.947265625,25328.02734375,25311.82421875,25318.271484375,124937428
2026-02-25 15:30:00-05:00,25312.580078125,25342.60546875,25304.3984375,25331.44921875,124510145
2026-02-26 09:30:00-05:00,25287.619140625,25287.619140625,24848.212890625,24892.962890625,0
2026-02-26 10:30:00-05:00,24882.994140625,25035.818359375,24823.810546875,25015.9765625,216429749
2026-02-26 11:30:00-05:00,25015.31640625,25021.5546875,24911.447265625,24923.556640625,132898260
2026-02-26 12:30:00-05:00,24920.845703125,24958.091796875,24848.130859375,24875.955078125,117056976
2026-02-26 13:30:00-05:00,24874.109375,25038.337890625,24866.7734375,25001.58984375,113903664
2026-02-26 14:30:00-05:00,25001.736328125,25051.208984375,24980.22265625,24981.26953125,128156979
2026-02-26 15:30:00-05:00,24982.166015625,25035.546875,24982.166015625,25035.546875,120932000
2026-02-27 09:30:00-05:00,24807.736328125,24954.80078125,24747.560546875,24927.60546875,0
2026-02-27 10:30:00-05:00,24929.806640625,24976.259765625,24888.779296875,24926.890625,152146905
2026-02-27 11:30:00-05:00,24927.7734375,24987.921875,24860.404296875,24910.021484375,129147801
2026-02-27 12:30:00-05:00,24915.255859375,24946.296875,24836.400390625,24868.51171875,121820977
2026-02-27 13:30:00-05:00,24865.00390625,24916.15625,24848.0078125,24864.26171875,117640620
2026-02-27 14:30:00-05:00,24863.84765625,24956.91015625,24835.056640625,24936.5234375,129433021
2026-02-27 15:30:00-05:00,24934.140625,24980.005859375,24884.248046875,24966.830078125,160140000
2026-03-02 09:30:00-05:00,24591.220703125,24907.228515625,24578.166015625,24833.296875,0
2026-03-02 10:30:00-05:00,24842.34375,24944.3203125,24809.623046875,24831.158203125,156042943
2026-03-02 11:30:00-05:00,24831.12109375,25035.51171875,24826.705078125,25007.642578125,122218566
2026-03-02 12:30:00-05:00,25005.892578125,25032.12890625,24975.96484375,24995.7734375,89412793
2026-03-02 13:30:00-05:00,24996.24609375,25043.66015625,24931.80859375,25037.66015625,94794366
2026-03-02 14:30:00-05:00,25038.447265625,25058.912109375,24915.15234375,24929.119140625,108642065
2026-03-02 15:30:00-05:00,24926.541015625,25023.587890625,24926.541015625,24989.4375,108513753
2026-03-03 09:30:00-05:00,24502.578125,24619.23828125,24316.517578125,24318.509765625,0
2026-03-03 10:30:00-05:00,24339.171875,24601.1171875,24326.380859375,24583.333984375,171423584
2026-03-03 11:30:00-05:00,24576.462890625,24682.859375,24533.1953125,24670.55859375,120080643
2026-03-03 12:30:00-05:00,24668.40625,24732.654296875,24571.697265625,24711.83984375,95318268
2026-03-03 13:30:00-05:00,24712.65234375,24792.23828125,24698.283203125,24719.89453125,102854146
2026-03-03 14:30:00-05:00,24721.28125,24809.509765625,24675.15234375,24742.2578125,119352433
2026-03-03 15:30:00-05:00,24741.451171875,24766.2578125,24682.65625,24725.224609375,108387906
2026-03-04 09:30:00-05:00,24851.9296875,25095.59765625,24797.201171875,25090.03125,0
2026-03-04 10:30:00-05:00,25105.677734375,25113.498046875,25006.009765625,25064.966796875,159714887
2026-03-04 11:30:00-05:00,25061.20703125,25134.017578125,25061.20703125,25096.984375,125981602
2026-03-04 12:30:00-05:00,25095.12890625,25143.49609375,25071.626953125,25134.52734375,98702715
2026-03-04 13:30:00-05:00,25133.92578125,25179.169921875,25133.92578125,25158.78125,108207628
2026-03-04 14:30:00-05:00,25158.21484375,25168.275390625,25089.982421875,25117.025390625,110393835
2026-03-04 15:30:00-05:00,25113.767578125,25131.572265625,25078.810546875,25089.771484375,123838046
2026-03-05 09:30:00-05:00,24989.865234375,25173.970703125,24960.8046875,24968.8515625,0
2026-03-05 10:30:00-05:00,24974.466796875,25060.337890625,24900.70703125,24936.60546875,160908494
2026-03-05 11:30:00-05:00,24935.29296875,25082.310546875,24909.40234375,24917.078125,121019943
2026-03-05 12:30:00-05:00,24903.91796875,24906.126953125,24753.662109375,24762.265625,157461457
2026-03-05 13:30:00-05:00,24768.44921875,24842.873046875,24745.501953125,24808.46875,109342352
2026-03-05 14:30:00-05:00,24807.611328125,24956.75,24763.76171875,24921.22265625,133493176
2026-03-05 15:30:00-05:00,24918.978515625,25021.947265625,24912.09375,25021.14453125,126448268
2026-03-06 09:30:00-05:00,24669.171875,24797.126953125,24593.763671875,24788.8359375,0
2026-03-06 10:30:00-05:00,24805.623046875,24866.267578125,24728.08203125,24812.2734375,145093702
2026-03-06 11:30:00-05:00,24813.0703125,24886.54296875,24769.54296875,24786.943359375,124133823
2026-03-06 12:30:00-05:00,24785.857421875,24864.265625,24719.896484375,24802.513671875,104847650
2026-03-06 13:30:00-05:00,24800.2578125,24826.3359375,24760.162109375,24787.6015625,101889897
2026-03-06 14:30:00-05:00,24786.21484375,24818.697265625,24618.861328125,24623.638671875,145109936
2026-03-06 15:30:00-05:00,24625.1171875,24676.73828125,24579.859375,24641.77734375,145871110
2026-03-09 09:30:00-04:00,24439.8203125,24480.6875,24289.376953125,24373.66015625,0
2026-03-09 10:30:00-04:00,24391.0625,24619.6171875,24387.453125,24617.318359375,157214744
2026-03-09 11:30:00-04:00,24614.796875,24693.408203125,24568.779296875,24660.759765625,120738897
2026-03-09 12:30:00-04:00,24667.693359375,24718.453125,24580.68359375,24584.134765625,105179401
2026-03-09 13:30:00-04:00,24584.87890625,24648.09375,24549.498046875,24620.70703125,91193110
2026-03-09 14:30:00-04:00,24619.095703125,24925.458984375,24616.16796875,24925.291015625,139699669
2026-03-09 15:30:00-04:00,24922.693359375,25018.693359375,24869.59375,24967.349609375,149374745
2026-03-10 09:30:00-04:00,25006.998046875,25048.697265625,24871.52734375,24977.408203125,0
2026-03-10 10:30:00-04:00,24976.41796875,25149.037109375,24976.41796875,25112.591796875,151426716
2026-03-10 11:30:00-04:00,25114.958984375,25140.283203125,25054.345703125,25105.619140625,112898726
2026-03-10 12:30:00-04:00,25110.080078125,25189.173828125,25093.173828125,25184.58203125,89782334
2026-03-10 13:30:00-04:00,25183.8046875,25183.8046875,24966.228515625,25039.083984375,113719498
2026-03-10 14:30:00-04:00,25045.931640625,25075.427734375,24962.744140625,24962.744140625,103274008
2026-03-10 15:30:00-04:00,24961.58984375,24995.994140625,24913.466796875,24958.8515625,109956945
2026-03-11 09:30:00-04:00,25046.74609375,25152.115234375,24959.76953125,25001.185546875,0
2026-03-11 10:30:00-04:00,25000.001953125,25061.890625,24929.005859375,24929.005859375,137117697
2026-03-11 11:30:00-04:00,24915.947265625,24934.087890625,24872.416015625,24928.119140625,104694583
2026-03-11 12:30:00-04:00,24931.79296875,24998.919921875,24931.79296875,24982.751953125,76098887
2026-03-11 13:30:00-04:00,24984.638671875,24988.978515625,24859.3359375,24924.107421875,80682068
2026-03-11 14:30:00-04:00,24922.763671875,24948.494140625,24893.091796875,24913.056640625,86334477
2026-03-11 15:30:00-04:00,24912.01171875,24980.591796875,24907.583984375,24962.685546875,89818814
2026-03-12 09:30:00-04:00,24758.498046875,24807.923828125,24604.37109375,24604.37109375,0
2026-03-12 10:30:00-04:00,24601.677734375,24687.53125,24541.841796875,24601.13671875,142241493
2026-03-12 11:30:00-04:00,24597.232421875,24707.32421875,24563.494140625,24620.08203125,128443258
2026-03-12 12:30:00-04:00,24618.08984375,24699.28515625,24611.0625,24630.2109375,99665546
2026-03-12 13:30:00-04:00,24631.107421875,24668.87890625,24572.740234375,24614.078125,91461707
2026-03-12 14:30:00-04:00,24616.099609375,24623.669921875,24551.169921875,24592.791015625,104332639
2026-03-12 15:30:00-04:00,24596.626953125,24618.9140625,24522.587890625,24532.05859375,112068466
2026-03-13 09:30:00-04:00,24650.0859375,24786.654296875,24597.990234375,24664.89453125,0
2026-03-13 10:30:00-04:00,24662.087890625,24709.431640625,24449.173828125,24452.271484375,139286134
2026-03-13 11:30:00-04:00,24454.443359375,24477.16015625,24379.890625,24430.5546875,114312457
2026-03-13 12:30:00-04:00,24429.119140625,24470.71875,24375.47265625,24435.40625,101183513
2026-03-13 13:30:00-04:00,24437.078125,24439.82421875,24340.546875,24395.013671875,91509013
2026-03-13 14:30:00-04:00,24393.189453125,24453.3359375,24355.048828125,24359.09375,103754142
2026-03-13 15:30:00-04:00,24362.326171875,24385.822265625,24337.02734375,24379.767578125,107515661
2026-03-16 09:30:00-04:00,24641.90234375,24741.115234375,24614.609375,24704.890625,0
2026-03-16 10:30:00-04:00,24701.69921875,24718.9375,24607.369140625,24700.302734375,132678852
2026-03-16 11:30:00-04:00,24700.359375,24721.337890625,24608.048828125,24616.51171875,106728663
2026-03-16 12:30:00-04:00,24618.8515625,24705.830078125,24610.552734375,24681.462890625,91189450
2026-03-16 13:30:00-04:00,24682.40234375,24709.603515625,24638.21484375,24701.330078125,100485895
2026-03-16 14:30:00-04:00,24703.79296875,24792.796875,24643.658203125,24664.322265625,163314012
2026-03-16 15:30:00-04:00,24664.017578125,24674.48828125,24619.94921875,24655.982421875,122546630
2026-03-17 09:30:00-04:00,24749.009765625,24884.04296875,24749.009765625,24830.21875,0
2026-03-17 10:30:00-04:00,24830.265625,24859.171875,24782.990234375,24782.990234375,123376137
2026-03-17 11:30:00-04:00,24781.423828125,24797.33203125,24722.7734375,24781.8125,107445297
2026-03-17 12:30:00-04:00,24783.955078125,24804.501953125,24761.2734375,24787.279296875,84939470
2026-03-17 13:30:00-04:00,24786.4296875,24825.171875,24768.84375,24773.07421875,81825672
2026-03-17 14:30:00-04:00,24772.619140625,24790.7109375,24751.97265625,24776.939453125,101527272
2026-03-17 15:30:00-04:00,24776.873046875,24796.07421875,24763.802734375,24783.9375,102531305
2026-03-18 09:30:00-04:00,24726.595703125,24762.861328125,24592.052734375,24606.416015625,0
2026-03-18 10:30:00-04:00,24600.265625,24703.087890625,24600.265625,24664.173828125,125677713
2026-03-18 11:30:00-04:00,24660.794921875,24686.298828125,24643.7265625,24662.517578125,94265927
2026-03-18 12:30:00-04:00,24657.970703125,24665.546875,24572.400390625,24604.892578125,82926751
2026-03-18 13:30:00-04:00,24604.9765625,24682.64453125,24588.966796875,24627.751953125,93083379
2026-03-18 14:30:00-04:00,24623.7421875,24633.50390625,24486.83203125,24496.021484375,138745243
2026-03-18 15:30:00-04:00,24496.45703125,24513.6484375,24417.66796875,24422.98828125,115247675
2026-03-19 09:30:00-04:00,24120.912109375,24327.333984375,24104.876953125,24208.263671875,0
2026-03-19 10:30:00-04:00,24209.123046875,24355.205078125,24209.123046875,24247.978515625,137067962
2026-03-19 11:30:00-04:00,24242.6640625,24298.12109375,24186.498046875,24255.19140625,111359765
2026-03-19 12:30:00-04:00,24255.015625,24279.244140625,24166.255859375,24231.994140625,100371113
2026-03-19 13:30:00-04:00,24233.52734375,24295.900390625,24196.546875,24254.154296875,86333635
2026-03-19 14:30:00-04:00,24252.021484375,24461.775390625,24204.48046875,24372.482421875,141160059
2026-03-19 15:30:00-04:00,24371.107421875,24387.39453125,24326.41015625,24352.7265625,112613341
2026-03-20 09:30:00-04:00,24256.892578125,24256.892578125,24031.841796875,24062.765625,0
2026-03-20 10:30:00-04:00,24065.12890625,24119.234375,24023.33984375,24055.330078125,153631018
2026-03-20 11:30:00-04:00,24055.375,24139.865234375,24047.876953125,24094.689453125,105309347
2026-03-20 12:30:00-04:00,24094.685546875,24094.685546875,24018.78515625,24021.93359375,91085563
2026-03-20 13:30:00-04:00,24022.498046875,24028.615234375,23906.822265625,23931.916015625,111780510
2026-03-20 14:30:00-04:00,23932.712890625,23936.95703125,23835.896484375,23841.515625,132103413
2026-03-20 15:30:00-04:00,23844.857421875,23899.818359375,23760.892578125,23899.818359375,155176083
2026-03-23 09:30:00-04:00,24265.716796875,24464.896484375,24216.7265625,24417.310546875,0
2026-03-23 10:30:00-04:00,24413.521484375,24461.91015625,24362.341796875,24390.298828125,137792048
2026-03-23 11:30:00-04:00,24391.93359375,24406.130859375,24098.689453125,24099.546875,146384950
2026-03-23 12:30:00-04:00,24100.708984375,24202.658203125,24100.564453125,24144.8359375,94633764
2026-03-23 13:30:00-04:00,24144.087890625,24265.978515625,24144.087890625,24230.53125,98538326
2026-03-23 14:30:00-04:00,24234.6875,24315.447265625,24234.6875,24258.685546875,106671228
2026-03-23 15:30:00-04:00,24257.03125,24293.3125,24186.59375,24189.81640625,101802814
2026-03-24 09:30:00-04:00,24020.12109375,24100.33984375,23930.98046875,23997.455078125,0
2026-03-24 10:30:00-04:00,23993.716796875,24168.66796875,23977.46875,24127.638671875,155756625
2026-03-24 11:30:00-04:00,24131.11328125,24159.33984375,24057.7890625,24116.892578125,106188223
2026-03-24 12:30:00-04:00,24116.900390625,24121.091796875,23960.46875,23989.36328125,93771252
2026-03-24 13:30:00-04:00,23989.458984375,24058.208984375,23957.083984375,24046.240234375,94827243
2026-03-24 14:30:00-04:00,24047.494140625,24129.96484375,24041.310546875,24055.765625,106036615
2026-03-24 15:30:00-04:00,24055.505859375,24067.076171875,23982.095703125,24004.56640625,101661612
2026-03-25 09:30:00-04:00,24244.33984375,24312.330078125,24124.701171875,24259.544921875,0
2026-03-25 10:30:00-04:00,24265.0,24306.029296875,24083.802734375,24214.337890625,172113806
2026-03-25 11:30:00-04:00,24216.91015625,24230.3828125,24127.43359375,24198.53515625,120502015
2026-03-25 12:30:00-04:00,24200.134765625,24235.140625,24172.765625,24220.248046875,91140814
2026-03-25 13:30:00-04:00,24219.50390625,24275.626953125,24196.33984375,24203.435546875,90306757
2026-03-25 14:30:00-04:00,24203.615234375,24210.494140625,24105.6953125,24146.904296875,104579674
2026-03-25 15:30:00-04:00,24145.501953125,24178.20703125,24117.96875,24163.140625,96540448
2026-03-26 09:30:00-04:00,23900.560546875,24024.515625,23865.810546875,23968.830078125,0
2026-03-26 10:30:00-04:00,23966.8125,24010.642578125,23839.494140625,23881.13671875,164752689
2026-03-26 11:30:00-04:00,23879.990234375,23915.650390625,23800.28515625,23804.607421875,115270735
2026-03-26 12:30:00-04:00,23806.6796875,23811.525390625,23733.462890625,23753.310546875,103363884
2026-03-26 13:30:00-04:00,23753.537109375,23771.41796875,23646.427734375,23648.388671875,130077648
2026-03-26 14:30:00-04:00,23648.19140625,23691.87109375,23625.7265625,23643.052734375,129127576
2026-03-26 15:30:00-04:00,23643.5546875,23645.580078125,23575.447265625,23599.400390625,119573040
2026-03-27 09:30:00-04:00,23469.529296875,23471.603515625,23286.53125,23291.3671875,0
2026-03-27 10:30:00-04:00,23294.06640625,23369.591796875,23259.322265625,23363.5,150409930
2026-03-27 11:30:00-04:00,23366.376953125,23419.4609375,23291.09375,23291.09375,110064724
2026-03-27 12:30:00-04:00,23296.40234375,23330.775390625,23194.880859375,23195.365234375,105534353
2026-03-27 13:30:00-04:00,23198.3515625,23223.6015625,23142.994140625,23177.892578125,112751768
2026-03-27 14:30:00-04:00,23178.20703125,23206.169921875,23126.69921875,23147.771484375,118865920
2026-03-27 15:30:00-04:00,23148.771484375,23163.462890625,23089.369140625,23136.48828125,115730327
2026-03-30 09:30:00-04:00,23305.30859375,23354.697265625,23108.552734375,23141.611328125,0
2026-03-30 10:30:00-04:00,23142.244140625,23243.244140625,23080.0546875,23146.06640625,162410809
2026-03-30 11:30:00-04:00,23148.69140625,23243.560546875,23090.5,23091.6328125,118828949
2026-03-30 12:30:00-04:00,23088.87109375,23127.34375,23009.224609375,23011.72265625,104027442
2026-03-30 13:30:00-04:00,23011.94921875,23065.16796875,22971.03515625,22971.03515625,108032334
2026-03-30 14:30:00-04:00,22971.1015625,23007.12890625,22841.810546875,22853.5390625,137288904
2026-03-30 15:30:00-04:00,22857.609375,22979.341796875,22845.6796875,22951.6953125,120696115
2026-03-31 09:30:00-04:00,23210.7109375,23392.40234375,23210.7109375,23382.6171875,0
2026-03-31 10:30:00-04:00,23383.359375,23398.12890625,23199.22265625,23312.390625,153439920
2026-03-31 11:30:00-04:00,23306.982421875,23379.6171875,23257.0859375,23368.87109375,105098914
2026-03-31 12:30:00-04:00,23366.73046875,23684.59375,23350.888671875,23618.97265625,184545655
2026-03-31 13:30:00-04:00,23622.109375,23682.0390625,23567.986328125,23644.380859375,115060479
2026-03-31 14:30:00-04:00,23641.74609375,23723.203125,23625.185546875,23699.90234375,129310191
2026-03-31 15:30:00-04:00,23700.693359375,23785.4609375,23696.28125,23741.6796875,139297066
2026-04-01 09:30:00-04:00,23886.013671875,24022.0,23871.611328125,24003.34765625,0
2026-04-01 10:30:00-04:00,24004.615234375,24098.8671875,23951.41015625,24066.029296875,164348605
2026-04-01 11:30:00-04:00,24059.9921875,24141.84375,24046.357421875,24118.951171875,118031758
2026-04-01 12:30:00-04:00,24119.037109375,24162.54296875,24105.48046875,24146.453125,93805286
2026-04-01 13:30:00-04:00,24146.41015625,24152.716796875,23957.361328125,23967.251953125,110383345
2026-04-01 14:30:00-04:00,23967.7734375,24060.607421875,23940.6015625,24051.935546875,114255428
2026-04-01 15:30:00-04:00,24051.94140625,24067.3203125,24006.212890625,24020.990234375,111110794
2026-04-02 09:30:00-04:00,23623.58984375,23825.638671875,23513.640625,23771.404296875,0
2026-04-02 10:30:00-04:00,23765.787109375,24072.396484375,23765.787109375,24003.228515625,159012933
2026-04-02 11:30:00-04:00,24009.013671875,24028.314453125,23886.619140625,23911.66796875,89008507
2026-04-02 12:30:00-04:00,23911.7265625,24001.111328125,23898.96484375,23987.533203125,78153386
2026-04-02 13:30:00-04:00,23987.84375,23990.591796875,23893.337890625,23932.119140625,79947573
2026-04-02 14:30:00-04:00,23932.712890625,24002.693359375,23928.546875,23971.87890625,92077861
2026-04-02 15:30:00-04:00,23970.572265625,24048.37109375,23963.482421875,24044.603515625,93909395
2026-04-06 09:30:00-04:00,24135.5234375,24259.62109375,24088.474609375,24194.10546875,0
2026-04-06 10:30:00-04:00,24193.013671875,24214.66796875,24097.15234375,24116.04296875,106650009
2026-04-06 11:30:00-04:00,24115.0703125,24157.841796875,24087.43359375,24144.326171875,80064519
2026-04-06 12:30:00-04:00,24144.6796875,24172.431640625,24039.2578125,24136.423828125,81614300
2026-04-06 13:30:00-04:00,24136.18359375,24187.140625,24079.869140625,24170.330078125,74310255
2026-04-06 14:30:00-04:00,24170.708984375,24182.4140625,24154.873046875,24166.552734375,75306181
2026-04-06 15:30:00-04:00,24165.01953125,24197.68359375,24157.919921875,24189.2109375,88362281
2026-04-07 09:30:00-04:00,24093.447265625,24094.591796875,23834.81640625,23940.986328125,0
2026-04-07 10:30:00-04:00,23940.3203125,23968.1875,23782.677734375,23899.615234375,126507636
2026-04-07 11:30:00-04:00,23900.23046875,24061.97265625,23880.05859375,24026.1484375,107445418
2026-04-07 12:30:00-04:00,24025.6640625,24069.849609375,24005.001953125,24017.990234375,84105501
2026-04-07 13:30:00-04:00,24018.7265625,24121.591796875,24016.341796875,24025.919921875,78128270
2026-04-07 14:30:00-04:00,24026.3125,24118.1171875,23915.755859375,24051.033203125,111514576
2026-04-07 15:30:00-04:00,24046.02734375,24208.3671875,24029.23828125,24207.07421875,110995412
2026-04-08 09:30:00-04:00,25016.37890625,25016.37890625,24870.296875,24876.31640625,0
2026-04-08 10:30:00-04:00,24882.09765625,24885.8359375,24761.41015625,24836.49609375,163194539
2026-04-08 11:30:00-04:00,24837.24609375,24939.41796875,24833.431640625,24920.587890625,122603523
2026-04-08 12:30:00-04:00,24921.48046875,24981.8828125,24897.544921875,24905.408203125,107183663
2026-04-08 13:30:00-04:00,24905.044921875,24954.71875,24867.748046875,24878.73046875,110732657
2026-04-08 14:30:00-04:00,24881.388671875,24895.798828125,24771.404296875,24786.15625,130073955
2026-04-08 15:30:00-04:00,24790.458984375,24905.048828125,24790.458984375,24905.048828125,117855793
2026-04-09 09:30:00-04:00,24919.384765625,24937.810546875,24792.1796875,24800.673828125,0
2026-04-09 10:30:00-04:00,24804.951171875,24930.55078125,24788.91796875,24887.625,157207390
2026-04-09 11:30:00-04:00,24882.748046875,25085.853515625,24879.412109375,25043.88671875,139101104
2026-04-09 12:30:00-04:00,25045.41015625,25076.3984375,24989.986328125,25049.419921875,102126358
2026-04-09 13:30:00-04:00,25049.2890625,25081.318359375,24979.533203125,24991.75390625,98325863
2026-04-09 14:30:00-04:00,24991.623046875,25058.181640625,24976.876953125,25049.986328125,107337396
2026-04-09 15:30:00-04:00,25051.103515625,25097.451171875,25050.615234375,25077.83984375,117862551
2026-04-10 09:30:00-04:00,25165.6640625,25202.654296875,25102.689453125,25176.673828125,0
2026-04-10 10:30:00-04:00,25175.8359375,25225.90625,25149.953125,25182.044921875,181767910
2026-04-10 11:30:00-04:00,25184.10546875,25188.9375,25083.10546875,25111.091796875,121233877
2026-04-10 12:30:00-04:00,25111.103515625,25116.408203125,25057.650390625,25070.6484375,90290630
2026-04-10 13:30:00-04:00,25070.509765625,25114.4921875,25060.7265625,25101.21484375,95570094
2026-04-10 14:30:00-04:00,25101.064453125,25135.484375,25077.111328125,25129.462890625,100382285
2026-04-10 15:30:00-04:00,25126.7734375,25127.384765625,25094.158203125,25121.208984375,109435759
2026-04-13 09:30:00-04:00,25066.595703125,25161.833984375,25000.138671875,25130.53515625,0
2026-04-13 10:30:00-04:00,25130.193359375,25194.8984375,25116.08984375,25150.8515625,131832164
2026-04-13 11:30:00-04:00,25145.775390625,25227.228515625,25121.865234375,25222.958984375,103917461
2026-04-13 12:30:00-04:00,25221.140625,25272.423828125,25186.5078125,25264.71484375,96701651
2026-04-13 13:30:00-04:00,25264.71484375,25270.9296875,25233.982421875,25236.61328125,84863884
2026-04-13 14:30:00-04:00,25236.7265625,25297.255859375,25235.513671875,25295.140625,96118868
2026-04-13 15:30:00-04:00,25295.017578125,25387.47265625,25290.083984375,25381.818359375,106543935
2026-04-14 09:30:00-04:00,25521.765625,25644.94921875,25521.765625,25644.0078125,0
2026-04-14 10:30:00-04:00,25643.232421875,25683.62890625,25601.16796875,25671.853515625,134346996
2026-04-14 11:30:00-04:00,25671.36328125,25767.76171875,25671.36328125,25763.771484375,115648570
2026-04-14 12:30:00-04:00,25763.990234375,25796.380859375,25743.46875,25779.083984375,101169607
2026-04-14 13:30:00-04:00,25779.525390625,25804.978515625,25721.96875,25743.166015625,95893552
2026-04-14 14:30:00-04:00,25743.46484375,25823.943359375,25736.689453125,25823.13671875,110863665
2026-04-14 15:30:00-04:00,25821.671875,25839.326171875,25791.666015625,25837.88671875,113146329
2026-04-15 09:30:00-04:00,25859.35546875,25970.267578125,25830.3359375,25967.841796875,0
2026-04-15 10:30:00-04:00,25969.33984375,26039.5390625,25947.263671875,26029.09765625,153280090
2026-04-15 11:30:00-04:00,26030.294921875,26084.923828125,26007.244140625,26049.423828125,127676653
2026-04-15 12:30:00-04:00,26050.751953125,26050.751953125,25935.37109375,26023.794921875,120502332
2026-04-15 13:30:00-04:00,26023.5390625,26090.658203125,26010.2109375,26082.482421875,94104901
2026-04-15 14:30:00-04:00,26083.255859375,26171.5234375,26083.255859375,26170.587890625,103570016
2026-04-15 15:30:00-04:00,26170.65234375,26213.251953125,26166.951171875,26198.59765625,115145383
2026-04-16 09:30:00-04:00,26248.978515625,26248.978515625,26113.85546875,26194.71484375,0
2026-04-16 10:30:00-04:00,26193.2109375,26340.1015625,26191.650390625,26305.974609375,139010690
2026-04-16 11:30:00-04:00,26294.48046875,26400.328125,26294.48046875,26355.4453125,117697941
2026-04-16 12:30:00-04:00,26355.927734375,26357.775390625,26273.509765625,26315.74609375,95671082
2026-04-16 13:30:00-04:00,26315.912109375,26346.109375,26193.77734375,26207.923828125,92895138
2026-04-16 14:30:00-04:00,26208.44921875,26302.07421875,26208.44921875,26281.83984375,108564914
2026-04-16 15:30:00-04:00,26284.447265625,26340.57421875,26278.212890625,26324.201171875,106991740
2026-04-17 09:30:00-04:00,26558.587890625,26619.62109375,26481.576171875,26580.89453125,0
2026-04-17 10:30:00-04:00,26587.619140625,26694.978515625,26587.619140625,26681.62109375,189991715
2026-04-17 11:30:00-04:00,26681.34765625,26716.361328125,26633.888671875,26693.166015625,140299777
2026-04-17 12:30:00-04:00,26693.81640625,26719.5,26587.15234375,26615.95703125,117937254
2026-04-17 13:30:00-04:00,26613.392578125,26667.6171875,26596.9921875,26623.951171875,106469988
2026-04-17 14:30:00-04:00,26624.130859375,26652.109375,26599.62109375,26618.767578125,113054744
2026-04-17 15:30:00-04:00,26618.54296875,26673.47265625,26618.54296875,26668.970703125,119995000
2026-04-20 09:30:00-04:00,26660.00390625,26669.09375,26559.92578125,26568.552734375,0
2026-04-20 10:30:00-04:00,26568.994140625,26579.841796875,26412.654296875,26549.173828125,149587027
2026-04-20 11:30:00-04:00,26534.052734375,26536.587890625,26481.158203125,26519.0625,101341190
2026-04-20 12:30:00-04:00,26519.939453125,26561.427734375,26508.34375,26541.251953125,80136881
2026-04-20 13:30:00-04:00,26540.8203125,26585.11328125,26531.4609375,26578.07421875,89209502
2026-04-20 14:30:00-04:00,26579.70703125,26590.158203125,26555.39453125,26571.3984375,93267332
2026-04-20 15:30:00-04:00,26570.630859375,26593.404296875,26552.869140625,26593.404296875,101980779
2026-04-21 09:30:00-04:00,26662.0390625,26730.419921875,26579.07421875,26684.962890625,0
2026-04-21 10:30:00-04:00,26684.046875,26696.646484375,26512.583984375,26569.21484375,146223087
2026-04-21 11:30:00-04:00,26569.71875,26619.88671875,26541.91015625,26549.794921875,100352036
2026-04-21 12:30:00-04:00,26547.802734375,26588.83984375,26447.796875,26478.421875,98012512
2026-04-21 13:30:00-04:00,26478.587890625,26601.283203125,26478.587890625,26523.18359375,97949641
2026-04-21 14:30:00-04:00,26523.04296875,26624.185546875,26512.7265625,26622.28515625,106251895
2026-04-21 15:30:00-04:00,26622.8125,26630.734375,26405.373046875,26480.416015625,113080513
2026-04-22 09:30:00-04:00,26707.90234375,26833.46484375,26663.421875,26829.685546875,0
2026-04-22 10:30:00-04:00,26832.46484375,26851.0,26789.986328125,26838.84765625,129170870
2026-04-22 11:30:00-04:00,26836.703125,26850.9140625,26810.171875,26820.85546875,94489371
2026-04-22 12:30:00-04:00,26818.025390625,26895.5,26807.259765625,26872.751953125,92162214
2026-04-22 13:30:00-04:00,26872.087890625,26896.3671875,26841.970703125,26848.49609375,85475292
2026-04-22 14:30:00-04:00,26848.287109375,26904.400390625,26827.6796875,26892.228515625,105390611
2026-04-22 15:30:00-04:00,26891.25,26940.39453125,26886.248046875,26935.49609375,108665031
2026-04-23 09:30:00-04:00,26820.234375,26944.802734375,26820.234375,26862.373046875,0
2026-04-23 10:30:00-04:00,26869.490234375,27000.6484375,26858.6015625,26981.515625,146240804
2026-04-23 11:30:00-04:00,26979.126953125,27007.439453125,26890.796875,26938.177734375,123671971
2026-04-23 12:30:00-04:00,26938.3359375,26966.98828125,26714.564453125,26725.767578125,123741152
2026-04-23 13:30:00-04:00,26727.0703125,26793.73828125,26541.8203125,26790.388671875,137550623
2026-04-23 14:30:00-04:00,26790.814453125,26832.703125,26698.751953125,26766.650390625,101643236
2026-04-23 15:30:00-04:00,26764.638671875,26795.818359375,26709.736328125,26781.9921875,111477091
2026-04-24 09:30:00-04:00,27067.8046875,27125.82421875,26990.763671875,27058.982421875,0
2026-04-24 10:30:00-04:00,27067.40625,27189.53125,27032.865234375,27183.201171875,204348950
2026-04-24 11:30:00-04:00,27180.373046875,27269.79296875,27168.28125,27254.095703125,160757187
2026-04-24 12:30:00-04:00,27253.919921875,27286.37109375,27223.162109375,27242.83203125,131780805
2026-04-24 13:30:00-04:00,27240.716796875,27313.560546875,27230.42578125,27246.30859375,112750569
2026-04-24 14:30:00-04:00,27247.73046875,27314.20703125,27245.828125,27284.52734375,124121000
2026-04-24 15:30:00-04:00,27282.9609375,27309.8359375,27266.259765625,27298.95703125,129010000
2026-04-27 09:30:00-04:00,27272.091796875,27278.2734375,27161.197265625,27223.68359375,0
2026-04-27 10:30:00-04:00,27221.162109375,27260.357421875,27173.12890625,27205.83984375,148551668
2026-04-27 11:30:00-04:00,27206.15234375,27252.708984375,27201.814453125,27238.587890625,114430366
2026-04-27 12:30:00-04:00,27239.033203125,27281.45703125,27239.033203125,27276.40625,114506887
2026-04-27 13:30:00-04:00,27276.02734375,27304.26171875,27275.939453125,27292.01171875,101391542
2026-04-27 14:30:00-04:00,27293.7109375,27298.54296875,27254.283203125,27283.5625,110559234
2026-04-27 15:30:00-04:00,27284.541015625,27315.232421875,27275.52734375,27302.69140625,109208966
2026-04-28 09:30:00-04:00,26975.228515625,27113.421875,26948.21875,27031.912109375,0
2026-04-28 10:30:00-04:00,27032.27734375,27041.12890625,26879.35546875,26915.14453125,168657656
2026-04-28 11:30:00-04:00,26911.853515625,26953.755859375,26880.439453125,26936.109375,98928433
2026-04-28 12:30:00-04:00,26934.412109375,26960.98828125,26898.08984375,26951.8984375,86380871
2026-04-28 13:30:00-04:00,26951.478515625,27043.599609375,26951.478515625,27043.57421875,97669637
2026-04-28 14:30:00-04:00,27043.177734375,27087.62890625,27018.96875,27051.8125,108463158
2026-04-28 15:30:00-04:00,27052.787109375,27055.53125,27020.826171875,27029.74609375,102943030
2026-04-29 09:30:00-04:00,27057.720703125,27143.935546875,26996.66796875,27135.021484375,0
2026-04-29 10:30:00-04:00,27126.8828125,27183.927734375,27089.439453125,27147.2265625,177276816
2026-04-29 11:30:00-04:00,27146.17578125,27163.173828125,27065.384765625,27066.072265625,128346835
2026-04-29 12:30:00-04:00,27061.08203125,27089.677734375,27023.33203125,27077.740234375,102856953
2026-04-29 13:30:00-04:00,27080.16796875,27117.8671875,27028.05859375,27076.6015625,109943439
2026-04-29 14:30:00-04:00,27076.9921875,27198.83984375,27045.474609375,27178.01953125,138124866
2026-04-29 15:30:00-04:00,27172.83984375,27189.609375,27129.4453125,27188.96875,116704889
2026-04-30 09:30:00-04:00,27313.919921875,27313.919921875,27029.41015625,27093.2421875,0
2026-04-30 10:30:00-04:00,27079.537109375,27282.197265625,27037.8828125,27273.552734375,205789723
2026-04-30 11:30:00-04:00,27274.05859375,27304.716796875,27200.927734375,27282.109375,132053441
2026-04-30 12:30:00-04:00,27285.62890625,27327.7421875,27217.568359375,27327.7421875,118609178
2026-04-30 13:30:00-04:00,27328.01171875,27449.595703125,27328.01171875,27429.3046875,120475787
2026-04-30 14:30:00-04:00,27428.150390625,27471.939453125,27408.85546875,27456.845703125,139612428
2026-04-30 15:30:00-04:00,27454.22265625,27486.70703125,27436.93359375,27452.439453125,133693000
2026-05-01 09:30:00-04:00,27503.41015625,27777.14453125,27503.41015625,27744.443359375,0
2026-05-01 10:30:00-04:00,27741.74609375,27744.51171875,27630.876953125,27737.486328125,169061235
2026-05-01 11:30:00-04:00,27737.19140625,27787.0,27697.89453125,27708.201171875,120613106
2026-05-01 12:30:00-04:00,27708.337890625,27759.732421875,27681.162109375,27759.732421875,90871506
2026-05-01 13:30:00-04:00,27760.966796875,27767.650390625,27714.935546875,27733.990234375,97449009
2026-05-01 14:30:00-04:00,27743.4921875,27774.86328125,27672.169921875,27772.865234375,111788981
2026-05-01 15:30:00-04:00,27772.990234375,27775.765625,27705.6796875,27709.046875,106243559
2026-05-04 09:30:00-04:00,27746.62109375,27790.2578125,27686.9140625,27750.13671875,0
2026-05-04 10:30:00-04:00,27747.49609375,27822.029296875,27592.4609375,27650.03125,149267236
2026-05-04 11:30:00-04:00,27654.708984375,27660.115234375,27507.759765625,27596.578125,120325743
2026-05-04 12:30:00-04:00,27595.55859375,27685.19921875,27576.02734375,27676.646484375,90474893
2026-05-04 13:30:00-04:00,27676.8671875,27697.201171875,27618.99609375,27653.970703125,83775596
2026-05-04 14:30:00-04:00,27655.599609375,27667.587890625,27600.09375,27659.775390625,94378120
2026-05-04 15:30:00-04:00,27661.359375,27675.478515625,27626.875,27654.947265625,93357505
2026-05-05 09:30:00-04:00,27894.5703125,28014.705078125,27849.505859375,28006.205078125,363983935
2026-05-05 10:30:00-04:00,28003.439453125,28018.125,27961.767578125,28007.1796875,175232249
2026-05-05 11:30:00-04:00,28010.53515625,28034.70703125,27973.150390625,27994.98828125,139885107
2026-05-05 12:30:00-04:00,27993.87109375,28026.421875,27969.78125,28025.455078125,106173758
2026-05-05 13:30:00-04:00,28025.005859375,28065.09765625,28014.849609375,28056.796875,99272261
2026-05-05 14:30:00-04:00,28056.4140625,28064.837890625,28030.048828125,28045.833984375,116542690
2026-05-05 15:30:00-04:00,28043.69140625,28047.5859375,27987.810546875,28014.861328125,109189000
2026-05-06 09:30:00-04:00,28230.2578125,28385.353515625,28209.7578125,28298.271484375,0
2026-05-06 10:30:00-04:00,28298.068359375,28465.27734375,28298.068359375,28458.203125,176987762
2026-05-06 11:30:00-04:00,28458.974609375,28483.509765625,28412.44921875,28456.5078125,125263354
2026-05-06 12:30:00-04:00,28456.876953125,28471.072265625,28397.8515625,28464.447265625,98372427
2026-05-06 13:30:00-04:00,28462.93359375,28517.9140625,28462.93359375,28514.328125,98512948
2026-05-06 14:30:00-04:00,28514.587890625,28578.970703125,28506.13671875,28572.09375,126686949
2026-05-06 15:30:00-04:00,28570.3203125,28608.67578125,28547.15234375,28596.345703125,118905000
2026-05-07 09:30:00-04:00,28609.271484375,28776.4921875,28587.244140625,28767.533203125,0
2026-05-07 10:30:00-04:00,28759.392578125,28824.517578125,28711.4375,28734.44140625,171548509
2026-05-07 11:30:00-04:00,28735.01953125,28777.826171875,28520.287109375,28622.625,158579015
2026-05-07 12:30:00-04:00,28618.93359375,28658.2109375,28441.416015625,28488.287109375,117941783
2026-05-07 13:30:00-04:00,28492.59765625,28597.341796875,28473.767578125,28534.380859375,104990967
2026-05-07 14:30:00-04:00,28534.859375,28569.86328125,28466.966796875,28489.513671875,114278475
2026-05-07 15:30:00-04:00,28497.12890625,28589.58203125,28489.494140625,28558.40234375,103292000
2026-05-08 09:30:00-04:00,28767.134765625,29047.619140625,28758.494140625,28990.22265625,0
2026-05-08 10:30:00-04:00,28997.837890625,29069.173828125,28958.927734375,29065.583984375,154626837
2026-05-08 11:30:00-04:00,29067.21484375,29131.55078125,29043.431640625,29128.044921875,124041857
2026-05-08 12:30:00-04:00,29129.724609375,29204.033203125,29079.4140625,29195.5,166127256
2026-05-08 13:30:00-04:00,29195.240234375,29204.75,29139.802734375,29174.052734375,111432182
2026-05-08 14:30:00-04:00,29174.029296875,29193.650390625,29122.94140625,29146.501953125,124203997
2026-05-08 15:30:00-04:00,29144.01171875,29230.375,29143.580078125,29227.798828125,119664552
2026-05-11 09:30:00-04:00,29180.734375,29327.65234375,29170.576171875,29170.576171875,0
2026-05-11 10:30:00-04:00,29172.130859375,29319.880859375,29143.62109375,29317.259765625,175626856
2026-05-11 11:30:00-04:00,29317.345703125,29371.166015625,29298.9921875,29357.19921875,130776286
2026-05-11 12:30:00-04:00,29357.060546875,29369.859375,29268.837890625,29330.326171875,112824935
2026-05-11 13:30:00-04:00,29329.1484375,29368.40625,29324.939453125,29363.841796875,102098063
2026-05-11 14:30:00-04:00,29364.19140625,29364.19140625,29259.5625,29266.869140625,124930188
2026-05-11 15:30:00-04:00,29269.595703125,29320.021484375,29258.111328125,29318.7734375,118067000
2026-05-12 09:30:00-04:00,29053.416015625,29185.748046875,28976.1796875,28978.166015625,0
2026-05-12 10:30:00-04:00,28977.279296875,29015.521484375,28747.703125,28767.064453125,191660322
2026-05-12 11:30:00-04:00,28782.375,28834.384765625,28708.861328125,28727.9609375,129009832
2026-05-12 12:30:00-04:00,28729.693359375,28822.2890625,28628.640625,28782.08203125,130671490
2026-05-12 13:30:00-04:00,28782.3671875,28897.369140625,28769.17578125,28883.701171875,105151128
2026-05-12 14:30:00-04:00,28882.8984375,28953.048828125,28839.3125,28938.1015625,114955426
2026-05-12 15:30:00-04:00,28939.228515625,29082.046875,28939.228515625,29065.384765625,110430529
2026-05-13 09:30:00-04:00,29153.47265625,29164.71875,28972.935546875,29129.39453125,0
2026-05-13 10:30:00-04:00,29130.923828125,29246.984375,29120.64453125,29208.05859375,165318797
2026-05-13 11:30:00-04:00,29205.275390625,29337.8046875,29184.40234375,29332.091796875,121268031
2026-05-13 12:30:00-04:00,29329.865234375,29389.033203125,29311.140625,29378.87109375,101963739
2026-05-13 13:30:00-04:00,29380.025390625,29452.255859375,29332.05078125,29438.853515625,102357922
2026-05-13 14:30:00-04:00,29438.2578125,29443.0234375,29357.99609375,29413.353515625,118604733
2026-05-13 15:30:00-04:00,29413.142578125,29429.365234375,29339.666015625,29367.99609375,103639127
2026-05-14 09:30:00-04:00,29379.234375,29571.748046875,29353.498046875,29515.0,0
2026-05-14 10:30:00-04:00,29522.431640625,29668.0859375,29507.232421875,29655.943359375,156575113
2026-05-14 11:30:00-04:00,29649.09375,29678.892578125,29613.724609375,29623.291015625,116513343
2026-05-14 12:30:00-04:00,29621.15234375,29644.224609375,29495.744140625,29540.41015625,104108815
2026-05-14 13:30:00-04:00,29534.3828125,29647.060546875,29534.3828125,29571.86328125,100554845
2026-05-14 14:30:00-04:00,29572.546875,29629.56640625,29554.298828125,29592.09765625,97717880
2026-05-14 15:30:00-04:00,29592.3203125,29630.05859375,29575.146484375,29580.576171875,94475259
2026-05-15 09:30:00-04:00,29170.55078125,29283.59375,28993.716796875,29188.1484375,0
2026-05-15 10:30:00-04:00,29210.984375,29261.83984375,29147.63671875,29231.45703125,143173079
2026-05-15 11:30:00-04:00,29245.5859375,29279.7578125,29118.845703125,29228.64453125,102326842
2026-05-15 12:30:00-04:00,29230.978515625,29329.470703125,29188.037109375,29322.41015625,85620230
2026-05-15 13:30:00-04:00,29324.658203125,29386.53515625,29281.28125,29288.703125,99458360
2026-05-15 14:30:00-04:00,29288.921875,29306.796875,29187.15234375,29191.37890625,98516339
2026-05-15 15:30:00-04:00,29189.357421875,29241.443359375,29109.681640625,29122.2109375,111162485
2026-05-18 09:30:00-04:00,29212.765625,29242.248046875,29040.6015625,29044.068359375,0
2026-05-18 10:30:00-04:00,29053.998046875,29074.078125,28859.19921875,28862.337890625,168193026
2026-05-18 11:30:00-04:00,28860.86328125,28970.75,28768.11328125,28778.806640625,107062248
2026-05-18 12:30:00-04:00,28779.83203125,28945.01171875,28749.62109375,28911.84375,95644773
2026-05-18 13:30:00-04:00,28912.291015625,28926.92578125,28741.037109375,28791.875,94852285
2026-05-18 14:30:00-04:00,28795.796875,28962.69921875,28718.94921875,28823.544921875,120332961
2026-05-18 15:30:00-04:00,28822.4609375,29013.271484375,28816.453125,28994.21875,102442540
2026-05-19 09:30:00-04:00,28795.33203125,28976.791015625,28567.162109375,28610.64453125,0
2026-05-19 10:30:00-04:00,28627.783203125,28761.03515625,28582.484375,28678.322265625,147230616
2026-05-19 11:30:00-04:00,28674.669921875,28826.138671875,28667.115234375,28816.791015625,112405255
2026-05-19 12:30:00-04:00,28814.1171875,29031.91796875,28810.78125,28991.388671875,122812891
2026-05-19 13:30:00-04:00,28992.763671875,29025.26171875,28915.4453125,28930.33984375,95256531
2026-05-19 14:30:00-04:00,28930.80859375,28962.42578125,28831.71484375,28881.49609375,105164850
2026-05-19 15:30:00-04:00,28886.123046875,28906.556640625,28765.892578125,28822.53125,102415953
2026-05-20 09:30:00-04:00,28999.46875,29133.25390625,28920.072265625,29107.115234375,282662676
2026-05-20 10:30:00-04:00,29122.28125,29292.26953125,29088.107421875,29199.08984375,153171157
2026-05-20 11:30:00-04:00,29199.271484375,29265.689453125,29122.794921875,29145.416015625,114434811
2026-05-20 12:30:00-04:00,29149.78125,29210.818359375,29135.583984375,29203.90625,90086732
2026-05-20 13:30:00-04:00,29207.421875,29232.705078125,29186.37109375,29213.611328125,93443811
2026-05-20 14:30:00-04:00,29214.658203125,29258.947265625,29202.046875,29250.2265625,105721213
2026-05-20 15:30:00-04:00,29252.705078125,29299.640625,29238.943359375,29297.8515625,108451612
2026-05-21 09:30:00-04:00,29144.12890625,29245.966796875,29043.0546875,29100.15234375,0
2026-05-21 10:30:00-04:00,29101.716796875,29172.6171875,29057.255859375,29154.93359375,139906415
2026-05-21 11:30:00-04:00,29146.4296875,29223.0078125,29093.853515625,29160.923828125,101077246
2026-05-21 12:30:00-04:00,29158.36328125,29375.0859375,29124.177734375,29324.5390625,103541458
2026-05-21 13:30:00-04:00,29323.28515625,29462.78515625,29323.28515625,29371.494140625,102203654
2026-05-21 14:30:00-04:00,29371.595703125,29378.482421875,29215.470703125,29337.38671875,108934216
2026-05-21 15:30:00-04:00,29335.744140625,29369.498046875,29314.59765625,29360.0390625,103576249
2026-05-22 09:30:00-04:00,29491.0078125,29630.71484375,29424.01953125,29488.796875,0
2026-05-22 10:30:00-04:00,29492.498046875,29630.615234375,29481.470703125,29629.193359375,137558260
2026-05-22 11:30:00-04:00,29624.375,29635.236328125,29567.015625,29590.158203125,94631741
2026-05-22 12:30:00-04:00,29591.220703125,29654.296875,29562.16015625,29654.296875,86529578
2026-05-22 13:30:00-04:00,29661.435546875,29661.435546875,29574.224609375,29589.28515625,91349629
2026-05-22 14:30:00-04:00,29588.369140625,29599.138671875,29470.07421875,29475.716796875,111658813
2026-05-22 15:30:00-04:00,29475.041015625,29509.091796875,29459.181640625,29477.158203125,103563269
2026-05-26 09:30:00-04:00,29849.140625,30005.986328125,29753.0859375,29993.83984375,0
2026-05-26 10:30:00-04:00,29991.857421875,30042.66796875,29921.05078125,29925.77734375,169129637
2026-05-26 11:30:00-04:00,29924.55078125,29935.669921875,29812.1171875,29916.943359375,114502750
2026-05-26 12:30:00-04:00,29917.9921875,29937.763671875,29874.3671875,29895.8203125,91539063
2026-05-26 13:30:00-04:00,29895.220703125,29978.796875,29886.552734375,29972.359375,86948876
2026-05-26 14:30:00-04:00,29972.310546875,29988.611328125,29929.462890625,29980.208984375,107782759
2026-05-26 15:30:00-04:00,29979.314453125,30039.22265625,29978.7734375,29998.822265625,104556026
2026-05-27 09:30:00-04:00,30077.66015625,30099.033203125,29813.9375,29840.072265625,0
2026-05-27 10:30:00-04:00,29846.74609375,29949.970703125,29810.54296875,29874.0546875,159550383
2026-05-27 11:30:00-04:00,29875.55859375,29944.55078125,29811.353515625,29921.849609375,110711061
2026-05-27 12:30:00-04:00,29920.87109375,29977.779296875,29823.458984375,29885.2421875,96375047
2026-05-27 13:30:00-04:00,29887.294921875,29982.1640625,29869.404296875,29981.353515625,87843112
2026-05-27 14:30:00-04:00,29982.18359375,29988.66796875,29935.951171875,29952.01171875,104870576
2026-05-27 15:30:00-04:00,29952.28125,29994.904296875,29952.28125,29974.7265625,100776859
2026-05-28 09:30:00-04:00,30031.8203125,30101.4375,29851.947265625,30072.625,0
2026-05-28 10:30:00-04:00,30071.60546875,30200.748046875,30033.478515625,30188.990234375,151582119
2026-05-28 11:30:00-04:00,30187.75390625,30239.625,30166.064453125,30227.021484375,110341199
2026-05-28 12:30:00-04:00,30226.533203125,30262.203125,30202.037109375,30221.884765625,95964058
2026-05-28 13:30:00-04:00,30222.73046875,30263.19140625,30208.03515625,30240.072265625,103596942
2026-05-28 14:30:00-04:00,30240.080078125,30240.080078125,30194.45703125,30222.87890625,112960352
2026-05-28 15:30:00-04:00,30222.8984375,30249.130859375,30202.755859375,30223.73828125,103091463
2026-05-29 09:30:00-04:00,30311.720703125,30470.033203125,30279.810546875,30341.48828125,0
2026-05-29 10:30:00-04:00,30347.810546875,30378.224609375,30210.005859375,30348.595703125,174908777
2026-05-29 11:30:00-04:00,30338.44140625,30384.263671875,30294.9609375,30339.9609375,105140497
2026-05-29 12:30:00-04:00,30339.548828125,30381.560546875,30296.39453125,30308.896484375,91498744
2026-05-29 13:30:00-04:00,30307.619140625,30320.76171875,30233.310546875,30315.11328125,98190646
2026-05-29 14:30:00-04:00,30315.07421875,30337.97265625,30253.287109375,30315.072265625,110627974
2026-05-29 15:30:00-04:00,30316.705078125,30376.6015625,30316.705078125,30336.556640625,152596453
2026-06-01 09:30:00-04:00,30271.947265625,30412.4296875,30244.064453125,30328.11328125,0
2026-06-01 10:30:00-04:00,30331.919921875,30434.080078125,30320.92578125,30429.369140625,178562692
2026-06-01 11:30:00-04:00,30430.16796875,30498.88671875,30401.2578125,30455.494140625,131776919
2026-06-01 12:30:00-04:00,30466.466796875,30539.3671875,30453.779296875,30539.3671875,111089454
2026-06-01 13:30:00-04:00,30542.833984375,30633.29296875,30516.599609375,30591.541015625,135707033
2026-06-01 14:30:00-04:00,30591.576171875,30597.626953125,30559.083984375,30567.259765625,126267240
2026-06-01 15:30:00-04:00,30566.794921875,30566.794921875,30501.75,30514.646484375,114813000
2026-06-02 09:30:00-04:00,30471.005859375,30595.2578125,30373.404296875,30513.146484375,0
2026-06-02 10:30:00-04:00,30507.14453125,30625.490234375,30506.70703125,30616.009765625,177935167
2026-06-02 11:30:00-04:00,30615.677734375,30658.2109375,30601.537109375,30607.625,122613726
2026-06-02 12:30:00-04:00,30607.572265625,30652.63671875,30578.619140625,30589.943359375,97654019
2026-06-02 13:30:00-04:00,30589.474609375,30608.173828125,30557.904296875,30590.376953125,94075479
2026-06-02 14:30:00-04:00,30588.806640625,30634.81640625,30549.3515625,30611.73046875,108596359
2026-06-02 15:30:00-04:00,30614.0625,30670.109375,30612.80859375,30664.037109375,117117800
2026-06-03 09:30:00-04:00,30727.390625,30759.3359375,30449.05859375,30674.248046875,0
2026-06-03 10:30:00-04:00,30678.267578125,30688.43359375,30564.08984375,30611.603515625,176079690
2026-06-03 11:30:00-04:00,30616.669921875,30641.908203125,30481.576171875,30499.6875,134080043
2026-06-03 12:30:00-04:00,30497.634765625,30556.974609375,30451.623046875,30525.857421875,106109990
2026-06-03 13:30:00-04:00,30523.759765625,30628.529296875,30498.048828125,30626.466796875,97441711
2026-06-03 14:30:00-04:00,30628.236328125,30630.04296875,30556.859375,30581.5,118930809
2026-06-03 15:30:00-04:00,30580.935546875,30638.30078125,30567.994140625,30580.693359375,133191000
2026-06-04 09:30:00-04:00,30159.47265625,30305.81640625,30092.234375,30281.419921875,0
2026-06-04 10:30:00-04:00,30283.7109375,30410.53125,30235.453125,30381.4765625,163665501
2026-06-04 11:30:00-04:00,30381.732421875,30425.99609375,30306.478515625,30421.76171875,130714655
2026-06-04 12:30:00-04:00,30422.1015625,30458.943359375,30376.962890625,30453.6328125,113348541
2026-06-04 13:30:00-04:00,30453.681640625,30540.658203125,30452.771484375,30529.41015625,104734846
2026-06-04 14:30:00-04:00,30528.294921875,30530.98046875,30466.068359375,30530.234375,114039169
2026-06-04 15:30:00-04:00,30528.908203125,30540.734375,30411.85546875,30411.85546875,111669186
2026-06-05 09:30:00-04:00,29974.931640625,30051.080078125,29707.4921875,29770.287109375,0
2026-06-05 10:30:00-04:00,29768.197265625,29877.978515625,29643.072265625,29667.220703125,159546646
2026-06-05 11:30:00-04:00,29664.6015625,29686.021484375,29484.353515625,29486.4140625,147350547
2026-06-05 12:30:00-04:00,29487.01953125,29493.154296875,29314.6171875,29391.05078125,174522787
2026-06-05 13:30:00-04:00,29392.326171875,29457.462890625,29174.0390625,29193.24609375,162045351
2026-06-05 14:30:00-04:00,29193.6875,29201.443359375,28934.275390625,29109.8125,218256906
2026-06-05 15:30:00-04:00,29107.796875,29150.72265625,28962.9453125,28962.9453125,159272000
2026-06-08 09:30:00-04:00,29470.994140625,29528.54296875,29300.859375,29469.60546875,0
2026-06-08 10:30:00-04:00,29469.998046875,29697.833984375,29469.01953125,29584.501953125,154010804
2026-06-08 11:30:00-04:00,29585.232421875,29662.619140625,29520.232421875,29542.630859375,115313842
2026-06-08 12:30:00-04:00,29548.740234375,29583.654296875,29444.619140625,29558.732421875,101557803
2026-06-08 13:30:00-04:00,29556.541015625,29575.873046875,29468.7109375,29547.193359375,107665092
2026-06-08 14:30:00-04:00,29547.56640625,29571.33984375,29336.423828125,29388.34765625,116074828
2026-06-08 15:30:00-04:00,29388.880859375,29449.19140625,29377.90625,29411.291015625,111431323
2026-06-09 09:30:00-04:00,29654.97265625,29804.49609375,29332.81640625,29401.2578125,0
2026-06-09 10:30:00-04:00,29400.1171875,29439.783203125,28812.388671875,28819.78125,177618799
2026-06-09 11:30:00-04:00,28833.33203125,28923.28515625,28367.189453125,28483.263671875,201431282
2026-06-09 12:30:00-04:00,28467.541015625,28746.078125,28196.90234375,28709.58203125,191546713
2026-06-09 13:30:00-04:00,28707.130859375,28937.728515625,28675.416015625,28933.09765625,125107675
2026-06-09 14:30:00-04:00,28931.806640625,29096.9609375,28803.693359375,28906.87890625,133682376
2026-06-09 15:30:00-04:00,28910.99609375,29085.291015625,28816.091796875,29083.69140625,110787000
2026-06-10 09:30:00-04:00,28903.548828125,29185.552734375,28750.10546875,29139.31640625,0
2026-06-10 10:30:00-04:00,29137.830078125,29212.3828125,28635.55859375,28760.951171875,174637289
2026-06-10 11:30:00-04:00,28759.18359375,28849.798828125,28600.21875,28703.416015625,124561633
2026-06-10 12:30:00-04:00,28698.90234375,28807.55859375,28591.12109375,28645.54296875,89593995
2026-06-10 13:30:00-04:00,28646.42578125,28788.115234375,28582.4140625,28677.931640625,98266864
2026-06-10 14:30:00-04:00,28676.763671875,28676.763671875,28462.916015625,28514.45703125,127712429
2026-06-10 15:30:00-04:00,28506.654296875,28622.41796875,28494.177734375,28506.0859375,112570343
2026-06-11 09:30:00-04:00,28726.1015625,29010.267578125,28622.611328125,28835.203125,0
2026-06-11 10:30:00-04:00,28838.8046875,28900.41015625,28552.607421875,28734.69921875,146877203
2026-06-11 11:30:00-04:00,28733.0859375,28933.34765625,28715.251953125,28809.998046875,104715891
2026-06-11 12:30:00-04:00,28803.32421875,29034.966796875,28653.828125,29034.966796875,100237581
2026-06-11 13:30:00-04:00,29078.923828125,29256.9921875,29035.12890625,29149.330078125,170885812
2026-06-11 14:30:00-04:00,29150.435546875,29408.939453125,29144.623046875,29387.84765625,133059566
2026-06-11 15:30:00-04:00,29393.232421875,29506.673828125,29373.4921875,29442.734375,137425831
2026-06-12 09:30:00-04:00,29396.677734375,29597.923828125,29228.48046875,29499.794921875,266275442
2026-06-12 10:30:00-04:00,29501.71484375,29733.630859375,29338.3984375,29719.544921875,155396538
2026-06-12 11:30:00-04:00,29717.52734375,29718.86328125,29396.994140625,29574.052734375,140184800
2026-06-12 12:30:00-04:00,29574.162109375,29720.83203125,29560.697265625,29702.748046875,102020980
2026-06-12 13:30:00-04:00,29702.404296875,29702.404296875,29586.51171875,29641.69921875,93809643
2026-06-12 14:30:00-04:00,29640.50390625,29693.044921875,29620.162109375,29632.958984375,99025846
2026-06-12 15:30:00-04:00,29635.779296875,29652.78125,29557.33984375,29637.548828125,104102774
2026-06-15 09:30:00-04:00,30298.572265625,30476.1015625,30297.814453125,30431.373046875,0
2026-06-15 10:30:00-04:00,30439.3515625,30526.01953125,30379.59375,30522.5,144580426
2026-06-15 11:30:00-04:00,30521.26171875,30583.76171875,30482.04296875,30576.9609375,116475691
2026-06-15 12:30:00-04:00,30576.1640625,30587.158203125,30510.626953125,30557.2265625,90303896
2026-06-15 13:30:00-04:00,30557.265625,30565.638671875,30506.767578125,30514.798828125,96907256
2026-06-15 14:30:00-04:00,30516.521484375,30566.541015625,30505.63671875,30505.919921875,101518452
2026-06-15 15:30:00-04:00,30504.080078125,30550.34375,30493.2734375,30544.84375,110452572
2026-06-16 09:30:00-04:00,30449.044921875,30558.9609375,30347.994140625,30356.10546875,0
2026-06-16 10:30:00-04:00,30346.861328125,30384.453125,30174.552734375,30207.19140625,161072972
2026-06-16 11:30:00-04:00,30219.171875,30245.345703125,30081.228515625,30212.212890625,123982490
2026-06-16 12:30:00-04:00,30212.13671875,30212.13671875,30103.62109375,30130.984375,96171236
2026-06-16 13:30:00-04:00,30128.001953125,30183.162109375,30072.810546875,30137.0546875,83207081
2026-06-16 14:30:00-04:00,30138.185546875,30142.990234375,30010.4765625,30105.34375,111829887
2026-06-16 15:30:00-04:00,30107.6328125,30123.154296875,29964.294921875,29973.71875,109230475
2026-06-17 09:30:00-04:00,30157.958984375,30208.943359375,29998.65625,30178.857421875,0
2026-06-17 10:30:00-04:00,30167.994140625,30167.994140625,29970.482421875,30083.08203125,132528571
2026-06-17 11:30:00-04:00,30085.517578125,30140.611328125,30073.71875,30130.69921875,97152950
2026-06-17 12:30:00-04:00,30130.693359375,30142.400390625,30011.953125,30094.802734375,86487545
2026-06-17 13:30:00-04:00,30094.435546875,30143.3984375,29759.16015625,29926.359375,126132906
2026-06-17 14:30:00-04:00,29919.720703125,30192.890625,29789.8671875,29811.404296875,169471803
2026-06-17 15:30:00-04:00,29810.7265625,29837.0234375,29607.009765625,29674.822265625,133086227
2026-06-18 09:30:00-04:00,30273.625,30319.501953125,30091.63671875,30208.1015625,0
2026-06-18 10:30:00-04:00,30204.767578125,30354.322265625,30166.974609375,30259.59375,171027662
2026-06-18 11:30:00-04:00,30272.73828125,30365.67578125,30187.689453125,30360.625,139260561
2026-06-18 12:30:00-04:00,30360.56640625,30412.60546875,30330.2109375,30391.427734375,114338306
2026-06-18 13:30:00-04:00,30393.400390625,30414.544921875,30364.84765625,30376.57421875,110543771
2026-06-18 14:30:00-04:00,30375.27734375,30393.87109375,30328.802734375,30370.93359375,120010000
2026-06-18 15:30:00-04:00,30369.72265625,30463.7734375,30344.177734375,30393.779296875,159534000
2026-06-22 09:30:00-04:00,30531.154296875,30641.5234375,30432.54296875,30446.107421875,0
2026-06-22 10:30:00-04:00,30434.216796875,30434.216796875,30238.67578125,30280.53515625,193958612
2026-06-22 11:30:00-04:00,30284.2109375,30361.833984375,30194.791015625,30277.744140625,145680190
2026-06-22 12:30:00-04:00,30276.671875,30299.166015625,30213.048828125,30286.09375,112035094
2026-06-22 13:30:00-04:00,30286.04296875,30350.884765625,30251.40234375,30318.271484375,102238176
2026-06-22 14:30:00-04:00,30319.5546875,30336.65234375,30226.806640625,30237.73046875,121020926
2026-06-22 15:30:00-04:00,30236.419921875,30356.974609375,30236.419921875,30356.974609375,122470000
2026-06-23 09:30:00-04:00,29385.3359375,29746.6484375,29311.994140625,29680.384765625,0
2026-06-23 10:30:00-04:00,29679.962890625,29690.740234375,29410.912109375,29420.591796875,156022987
2026-06-23 11:30:00-04:00,29422.666015625,29611.103515625,29401.849609375,29577.09375,123758857
2026-06-23 12:30:00-04:00,29575.0546875,29599.080078125,29488.51953125,29562.048828125,95669215
2026-06-23 13:30:00-04:00,29558.412109375,29588.3828125,29411.791015625,29431.009765625,99565800
2026-06-23 14:30:00-04:00,29427.3515625,29442.181640625,29277.359375,29405.14453125,137591852
2026-06-23 15:30:00-04:00,29403.384765625,29431.34765625,29335.05078125,29347.140625,126337930
2026-06-24 09:30:00-04:00,29337.033203125,29533.306640625,29231.169921875,29396.40625,243962959
2026-06-24 10:30:00-04:00,29399.755859375,29591.978515625,29399.755859375,29491.587890625,158373792
2026-06-24 11:30:00-04:00,29492.3203125,29514.6015625,29404.50390625,29449.474609375,113311367
2026-06-24 12:30:00-04:00,29442.892578125,29442.892578125,29103.498046875,29110.060546875,121086374
2026-06-24 13:30:00-04:00,29109.529296875,29250.28125,29066.59765625,29232.515625,135154990
2026-06-24 14:30:00-04:00,29235.220703125,29244.09375,28963.1015625,29081.017578125,147594373
2026-06-24 15:30:00-04:00,29084.7734375,29229.25390625,29057.525390625,29229.25390625,129986118
2026-06-25 09:30:00-04:00,29818.224609375,29826.234375,29000.5546875,29296.7890625,0
2026-06-25 10:30:00-04:00,29286.568359375,29466.998046875,29170.115234375,29298.396484375,178223786
2026-06-25 11:30:00-04:00,29307.611328125,29558.962890625,29307.611328125,29462.67578125,132699935
2026-06-25 12:30:00-04:00,29463.662109375,29499.220703125,29287.654296875,29460.84375,124246658
2026-06-25 13:30:00-04:00,29463.185546875,29580.294921875,29383.419921875,29568.36328125,116929410
2026-06-25 14:30:00-04:00,29568.666015625,29568.666015625,29323.556640625,29382.1796875,132099124
2026-06-25 15:30:00-04:00,29379.708984375,29426.845703125,29316.736328125,29426.845703125,145013000
2026-06-26 09:30:00-04:00,29019.47265625,29353.037109375,28894.775390625,29288.88671875,0
2026-06-26 10:30:00-04:00,29296.625,29313.796875,29121.232421875,29291.181640625,178383694
2026-06-26 11:30:00-04:00,29303.71484375,29413.802734375,29206.37890625,29262.19140625,158070831
2026-06-26 12:30:00-04:00,29267.611328125,29396.099609375,29267.611328125,29338.001953125,120993712
2026-06-26 13:30:00-04:00,29341.43359375,29372.53515625,29163.876953125,29169.41796875,122525654
2026-06-26 14:30:00-04:00,29170.587890625,29210.212890625,29098.22265625,29156.599609375,155095074
2026-06-26 15:30:00-04:00,29159.04296875,29271.8359375,29043.939453125,29043.939453125,166335000
2026-06-29 09:30:00-04:00,29298.0703125,29535.35546875,28999.734375,29272.068359375,0
2026-06-29 10:30:00-04:00,29261.775390625,29490.708984375,29225.5,29487.357421875,196216129
2026-06-29 11:30:00-04:00,29489.126953125,29623.765625,29462.36328125,29583.77734375,156186574
2026-06-29 12:30:00-04:00,29589.578125,29726.244140625,29557.72265625,29726.244140625,128951924
2026-06-29 13:30:00-04:00,29726.9296875,29748.728515625,29699.224609375,29704.240234375,109612525
2026-06-29 14:30:00-04:00,29703.166015625,29785.298828125,29703.166015625,29746.7265625,130917527
2026-06-29 15:30:00-04:00,29745.55078125,29788.0703125,29697.84765625,29773.228515625,132546000
2026-06-30 09:30:00-04:00,29791.978515625,30146.076171875,29769.93359375,30132.154296875,0
2026-06-30 10:30:00-04:00,30130.763671875,30165.19921875,30017.603515625,30135.994140625,158991230
2026-06-30 11:30:00-04:00,30130.88671875,30233.80859375,30123.201171875,30216.87890625,114482452
2026-06-30 12:30:00-04:00,30219.01953125,30285.419921875,30201.48828125,30255.583984375,100659353
2026-06-30 13:30:00-04:00,30255.884765625,30270.8515625,30225.560546875,30260.703125,100663661
2026-06-30 14:30:00-04:00,30261.25390625,30326.767578125,30250.318359375,30304.2578125,133487781
2026-06-30 15:30:00-04:00,30300.142578125,30328.19921875,30261.486328125,30264.576171875,135193290
2026-07-01 09:30:00-04:00,29918.3515625,30057.81640625,29826.529296875,30014.9609375,0
2026-07-01 10:30:00-04:00,30018.916015625,30079.78125,29874.01171875,30077.474609375,211158719
2026-07-01 11:30:00-04:00,30073.224609375,30083.208984375,29953.716796875,29975.2109375,133218792
2026-07-01 12:30:00-04:00,29975.62890625,29991.23828125,29884.68359375,29941.365234375,110873662
2026-07-01 13:30:00-04:00,29939.783203125,29952.443359375,29870.78125,29889.513671875,120249794
2026-07-01 14:30:00-04:00,29887.298828125,29948.67578125,29829.431640625,29925.63671875,137191971
2026-07-01 15:30:00-04:00,29930.390625,29968.06640625,29787.408203125,29821.240234375,135817000
2026-07-02 09:30:00-04:00,29773.607421875,30043.5859375,29665.884765625,29697.337890625,264827355
2026-07-02 10:30:00-04:00,29685.36328125,29747.037109375,29378.41796875,29427.259765625,218556144
2026-07-02 11:30:00-04:00,29425.4296875,29565.65625,29300.140625,29305.93359375,151789326
2026-07-02 12:30:00-04:00,29311.58984375,29311.58984375,29145.630859375,29200.216796875,136842004
2026-07-02 13:30:00-04:00,29199.931640625,29258.92578125,29087.326171875,29245.58203125,128529574
2026-07-02 14:30:00-04:00,29243.068359375,29286.41796875,29105.763671875,29179.3046875,142108969
2026-07-02 15:30:00-04:00,29179.953125,29340.00390625,29172.103515625,29310.71484375,133431000
2026-07-06 09:30:00-04:00,29594.68359375,29797.83984375,29557.6953125,29770.205078125,0
2026-07-06 10:30:00-04:00,29774.376953125,29817.833984375,29700.64453125,29811.724609375,142005433
2026-07-06 11:30:00-04:00,29807.30859375,29847.732421875,29780.556640625,29787.53125,106721555
2026-07-06 12:30:00-04:00,29787.111328125,29797.37890625,29705.5546875,29708.802734375,95322655
2026-07-06 13:30:00-04:00,29709.45703125,29754.34765625,29643.119140625,29729.345703125,90739584
2026-07-06 14:30:00-04:00,29730.228515625,29813.763671875,29708.8515625,29797.736328125,99216514
2026-07-06 15:30:00-04:00,29798.384765625,29798.384765625,29690.12109375,29694.919921875,113031342
2026-07-07 09:30:00-04:00,29365.796875,29423.419921875,29023.033203125,29063.5078125,0
2026-07-07 10:30:00-04:00,29068.8203125,29119.7890625,28974.720703125,29075.810546875,176409774
2026-07-07 11:30:00-04:00,29084.291015625,29313.259765625,29013.556640625,29307.17578125,137466333
2026-07-07 12:30:00-04:00,29301.126953125,29345.951171875,29249.25390625,29299.267578125,110540580
2026-07-07 13:30:00-04:00,29304.33203125,29339.24609375,29281.439453125,29286.900390625,90068111
2026-07-07 14:30:00-04:00,29286.08203125,29296.7421875,29037.2421875,29086.763671875,139306155
2026-07-07 15:30:00-04:00,29091.525390625,29166.806640625,29071.880859375,29165.513671875,120078326
2026-07-08 09:30:00-04:00,29029.783203125,29180.01171875,29014.466796875,29078.33984375,0
2026-07-08 10:30:00-04:00,29073.24609375,29103.9140625,28816.693359375,28839.93359375,150945359
2026-07-08 11:30:00-04:00,28840.548828125,29070.857421875,28819.603515625,29058.814453125,110108979
2026-07-08 12:30:00-04:00,29052.61328125,29219.53125,29026.470703125,29216.81640625,98014553
2026-07-08 13:30:00-04:00,29217.599609375,29231.1015625,29101.3671875,29149.2109375,101501114
2026-07-08 14:30:00-04:00,29148.474609375,29215.251953125,29127.15234375,29205.806640625,112440353
2026-07-08 15:30:00-04:00,29207.796875,29279.783203125,29166.0390625,29250.134765625,108797362
2026-07-09 09:30:00-04:00,29486.076171875,29709.185546875,29400.634765625,29549.595703125,0
2026-07-09 10:30:00-04:00,29548.326171875,29664.966796875,29487.14453125,29655.35546875,133468346
2026-07-09 11:30:00-04:00,29655.34375,29702.390625,29640.333984375,29669.458984375,113329912
2026-07-09 12:30:00-04:00,29673.365234375,29771.103515625,29643.505859375,29768.5,92069824
2026-07-09 13:30:00-04:00,29769.947265625,29773.666015625,29723.3046875,29737.03515625,92821942
2026-07-09 14:30:00-04:00,29738.60546875,29749.9921875,29687.044921875,29712.935546875,107252535
2026-07-09 15:30:00-04:00,29714.548828125,29736.89453125,29676.22265625,29717.931640625,113872722
2026-07-10 09:30:00-04:00,29618.78515625,29757.244140625,29591.07421875,29699.12109375,0
2026-07-10 10:30:00-04:00,29699.89453125,29771.5859375,29484.490234375,29762.150390625,136477078
2026-07-10 11:30:00-04:00,29768.640625,29814.193359375,29620.90234375,29798.9765625,106060975
2026-07-10 12:30:00-04:00,29800.931640625,29835.787109375,29782.06640625,29835.6015625,80724659
2026-07-10 13:30:00-04:00,29836.16015625,29855.505859375,29811.072265625,29831.638671875,81827947
2026-07-10 14:30:00-04:00,29832.072265625,29856.359375,29814.912109375,29832.408203125,88829931
2026-07-10 15:30:00-04:00,29835.162109375,29851.9453125,29814.638671875,29819.984375,95491680
2026-07-13 09:30:00-04:00,29478.529296875,29536.29296875,29305.23046875,29498.052734375,0
2026-07-13 10:30:00-04:00,29500.263671875,29540.84765625,29400.10546875,29502.970703125,116206851
2026-07-13 11:30:00-04:00,29502.1171875,29514.373046875,29333.69921875,29349.130859375,119019042
2026-07-13 12:30:00-04:00,29348.603515625,29370.548828125,29252.90234375,29304.259765625,105219951
2026-07-13 13:30:00-04:00,29305.74609375,29326.169921875,29259.376953125,29264.57421875,94479375
2026-07-13 14:30:00-04:00,29263.66796875,29316.5,29200.115234375,29209.90234375,116283826
2026-07-13 15:30:00-04:00,29213.99609375,29294.056640625,29189.87109375,29263.078125,115709731
2026-07-14 09:30:00-04:00,29559.201171875,29599.91015625,29371.1875,29483.19140625,0
2026-07-14 10:30:00-04:00,29481.55078125,29685.80078125,29461.412109375,29684.490234375,136454945
2026-07-14 11:30:00-04:00,29684.064453125,29689.3125,29510.8984375,29581.361328125,103589729
2026-07-14 12:30:00-04:00,29581.111328125,29661.06640625,29554.3515625,29648.404296875,90420628
2026-07-14 13:30:00-04:00,29650.908203125,29675.587890625,29620.81640625,29650.900390625,84907701
2026-07-14 14:30:00-04:00,29651.75390625,29668.05078125,29580.830078125,29595.259765625,95889199
2026-07-14 15:30:00-04:00,29579.02734375,29630.80078125,29572.314453125,29588.03515625,102721459
2026-07-15 09:30:00-04:00,29771.88671875,29771.88671875,29447.703125,29525.845703125,0
2026-07-15 10:30:00-04:00,29527.2734375,29532.861328125,29340.279296875,29440.10546875,173563146
2026-07-15 11:30:00-04:00,29442.0078125,29453.958984375,29228.486328125,29260.82421875,155106188
2026-07-15 12:30:00-04:00,29260.25390625,29404.970703125,29195.23828125,29403.22265625,130505842
2026-07-15 13:30:00-04:00,29403.50390625,29539.984375,29403.50390625,29522.759765625,103368129
2026-07-15 14:30:00-04:00,29522.56640625,29534.0546875,29389.0,29439.287109375,113302896
2026-07-15 15:30:00-04:00,29445.044921875,29509.71875,29415.318359375,29503.029296875,119268161
2026-07-16 09:30:00-04:00,29315.05859375,29328.255859375,29070.5078125,29294.15234375,0
2026-07-16 10:30:00-04:00,29287.66796875,29305.80078125,29142.287109375,29208.533203125,144332904
2026-07-16 11:30:00-04:00,29210.302734375,29266.134765625,29064.71875,29098.0859375,132020666
2026-07-16 12:30:00-04:00,29099.16015625,29152.12109375,29073.591796875,29134.01953125,120826642
2026-07-16 13:30:00-04:00,29132.77734375,29142.478515625,29023.17578125,29068.47265625,131756557
2026-07-16 14:30:00-04:00,29068.53125,29068.53125,28921.673828125,28953.19921875,147137881
2026-07-16 15:30:00-04:00,28949.625,29036.6953125,28881.228515625,29035.013671875,148117603
2026-07-17 09:30:00-04:00,28461.943359375,28710.77734375,28233.681640625,28643.626953125,0
2026-07-17 10:30:00-04:00,28652.87109375,28708.65625,28497.498046875,28582.2890625,177543252
2026-07-17 11:30:00-04:00,28570.25390625,28779.3359375,28553.392578125,28741.060546875,156848120
2026-07-17 12:30:00-04:00,28743.462890625,28865.0625,28714.73046875,28859.31640625,135082017
2026-07-17 13:30:00-04:00,28860.5078125,28866.046875,28643.22265625,28670.703125,120189485
2026-07-17 14:30:00-04:00,28671.125,28707.953125,28537.244140625,28613.568359375,135694000
2026-07-17 15:30:00-04:00,28628.826171875,28670.54296875,28574.810546875,28590.236328125,131515000
2026-07-20 09:30:00-04:00,28884.171875,29015.439453125,28733.578125,28851.52734375,0
2026-07-20 10:30:00-04:00,28850.1171875,28870.171875,28697.58203125,28839.435546875,130303926
2026-07-20 11:30:00-04:00,28841.486328125,28942.716796875,28800.203125,28907.654296875,107145937
2026-07-20 12:30:00-04:00,28909.912109375,28922.494140625,28738.40234375,28782.130859375,106016832
2026-07-20 13:30:00-04:00,28782.93359375,28832.95703125,28730.6796875,28776.2890625,102702152
2026-07-20 14:30:00-04:00,28774.416015625,28774.416015625,28622.056640625,28678.255859375,117140696
2026-07-20 15:30:00-04:00,28687.408203125,28715.26171875,28592.0546875,28607.751953125,109556505
2026-07-21 09:30:00-04:00,29050.0546875,29050.0546875,28891.072265625,29032.623046875,0
2026-07-21 10:30:00-04:00,29038.169921875,29147.078125,28996.513671875,29128.34765625,141802132
2026-07-21 11:30:00-04:00,29132.69921875,29163.28515625,29082.34375,29140.56640625,115042054
2026-07-21 12:30:00-04:00,29142.298828125,29185.12109375,29132.728515625,29161.3671875,108201182
2026-07-21 13:30:00-04:00,29161.9375,29192.291015625,29148.69921875,29154.1015625,86682136
2026-07-21 14:30:00-04:00,29153.91796875,29186.552734375,29120.640625,29120.9140625,109563067
2026-07-21 15:30:00-04:00,29127.537109375,29181.91015625,29121.91015625,29146.1171875,118653487
2026-07-22 09:30:00-04:00,28942.884765625,29116.671875,28937.318359375,29052.107421875,0
2026-07-22 10:30:00-04:00,29064.08203125,29175.751953125,29013.71875,29160.103515625,133754997
2026-07-22 11:30:00-04:00,29159.248046875,29169.6328125,29108.423828125,29144.0234375,103966461
2026-07-22 12:30:00-04:00,29144.041015625,29163.517578125,29111.314453125,29139.51953125,91371054
2026-07-22 13:30:00-04:00,29137.2734375,29151.189453125,29055.982421875,29072.287109375,100291072
2026-07-22 14:30:00-04:00,29072.32421875,29092.619140625,29041.171875,29086.046875,116298698
2026-07-22 15:30:00-04:00,29084.234375,29087.85546875,28997.4296875,28997.4296875,121265069
2026-07-23 09:30:00-04:00,28543.544921875,28723.90625,28512.03515625,28572.498046875,0
2026-07-23 10:30:00-04:00,28575.7890625,28605.044921875,28290.31640625,28307.74609375,177800820
2026-07-23 11:30:00-04:00,28305.162109375,28556.501953125,28277.005859375,28547.12109375,138982787
2026-07-23 12:30:00-04:00,28550.21875,28576.404296875,28430.8203125,28495.1484375,104391323
2026-07-23 13:30:00-04:00,28492.455078125,28496.046875,28382.166015625,28411.994140625,90552122
2026-07-23 14:30:00-04:00,28410.974609375,28437.349609375,28338.017578125,28419.16796875,118202294
2026-07-23 15:30:00-04:00,28424.8671875,28463.810546875,28321.798828125,28456.525390625,136027342
2026-07-24 09:30:00-04:00,28351.3125,28467.60546875,28146.068359375,28247.322265625,0
2026-07-24 10:30:00-04:00,28227.345703125,28393.35546875,28097.802734375,28338.552734375,161459350
2026-07-24 11:30:00-04:00,28331.1796875,28471.318359375,28331.1796875,28409.296875,114300365
2026-07-24 12:30:00-04:00,28409.08203125,28409.08203125,28272.16796875,28356.083984375,93087190
2026-07-24 13:30:00-04:00,28358.775390625,28381.376953125,28177.8515625,28177.8515625,97186751
2026-07-24 14:30:00-04:00,28179.05078125,28185.478515625,28053.57421875,28093.4296875,158505224
2026-07-24 15:30:00-04:00,28102.306640625,28142.50390625,28063.70703125,28136.263671875,142213175
2026-07-27 09:30:00-04:00,28410.296875,28456.279296875,27922.306640625,27922.306640625,0
2026-07-27 10:30:00-04:00,27939.267578125,28037.505859375,27790.421875,27913.107421875,212750783
2026-07-27 11:30:00-04:00,27915.7890625,28041.140625,27824.78515625,28000.15625,136559894
2026-07-27 12:30:00-04:00,27999.86328125,28040.0859375,27833.125,27848.013671875,105045484
2026-07-27 13:30:00-04:00,27847.1484375,27962.892578125,27847.1484375,27924.123046875,94446734
2026-07-27 14:30:00-04:00,27923.712890625,28092.14453125,27863.96484375,28092.14453125,125644713
2026-07-27 15:30:00-04:00,28092.359375,28101.111328125,28004.2578125,28036.412109375,115847517
2026-07-28 09:30:00-04:00,27806.828125,27806.828125,27454.18359375,27551.787109375,0
2026-07-28 10:30:00-04:00,27552.376953125,27857.345703125,27524.26171875,27813.5625,225734210
2026-07-28 11:30:00-04:00,27814.388671875,27919.05859375,27800.419921875,27845.048828125,147042422
2026-07-28 12:30:00-04:00,27835.3125,27926.470703125,27800.26171875,27847.310546875,106836196
2026-07-28 13:30:00-04:00,27845.818359375,27884.6484375,27762.244140625,27770.72265625,100047136
2026-07-28 14:30:00-04:00,27771.74609375,27870.341796875,27769.75390625,27866.763671875,123535000
2026-07-28 15:30:00-04:00,27871.32421875,27871.939453125,27760.904296875,27760.904296875,135810000
2026-07-29 09:30:00-04:00,27764.44140625,27847.05078125,27397.724609375,27429.0,0
2026-07-29 10:30:00-04:00,27439.00390625,27511.189453125,27367.515625,27408.380859375,158726083
2026-07-29 11:30:00-04:00,27406.53515625,27447.099609375,27263.251953125,27403.876953125,145285649
2026-07-29 12:30:00-04:00,27404.189453125,27598.55078125,27342.58203125,27508.384765625,133330436
2026-07-29 13:30:00-04:00,27504.494140625,27744.70703125,27486.689453125,27626.951171875,149452583
2026-07-29 14:30:00-04:00,27638.708984375,27954.25390625,27507.689453125,27574.029296875,187005256
2026-07-29 15:30:00-04:00,27578.046875,27606.1015625,27179.33203125,27211.6328125,165203000
2026-07-30 09:30:00-04:00,27739.63671875,28103.388671875,27691.4765625,28093.09765625,0
2026-07-30 10:30:00-04:00,28085.46484375,28109.935546875,27868.640625,27892.76171875,215127931
2026-07-30 11:30:00-04:00,27878.474609375,28061.71875,27876.7265625,28018.6875,150514910
2026-07-30 12:30:00-04:00,28016.365234375,28076.037109375,27930.421875,28040.251953125,120885738
2026-07-30 13:30:00-04:00,28042.396484375,28073.65625,28015.12109375,28053.76171875,106009383
2026-07-30 14:30:00-04:00,28055.80859375,28168.037109375,28020.814453125,28115.818359375,139751000
2026-07-30 15:30:00-04:00,28114.703125,28132.75,28078.162109375,28099.849609375,136392000
2026-07-31 09:30:00-04:00,28435.283203125,28604.30078125,27957.2734375,28118.42578125,0
2026-07-31 10:30:00-04:00,28130.22265625,28218.587890625,27996.76171875,28020.23828125,177495288
2026-07-31 11:30:00-04:00,28021.248046875,28232.595703125,27993.041015625,28232.353515625,124717216
2026-07-31 12:30:00-04:00,28236.44921875,28349.04296875,28188.0234375,28340.044921875,123979889
2026-07-31 13:30:00-04:00,28339.048828125,28378.455078125,28271.740234375,28299.50390625,112003185
2026-07-31 14:30:00-04:00,28304.109375,28374.87890625,28283.142578125,28351.75,131276369
2026-07-31 15:30:00-04:00,28353.626953125,28396.65625,28271.255859375,28272.9765625,149953000
2026-08-03 09:30:00-04:00,28280.494140625,28561.0390625,28202.173828125,28558.333984375,0
2026-08-03 10:30:00-04:00,28560.869140625,28678.712890625,28542.6484375,28609.2734375,184932752
2026-08-03 11:30:00-04:00,28610.923828125,28724.8828125,28606.84375,28715.990234375,129288303
2026-08-03 12:30:00-04:00,28718.72265625,28768.1875,28690.59375,28764.673828125,109418981
2026-08-03 13:30:00-04:00,28765.357421875,28842.17578125,28755.162109375,28769.3828125,105968327
2026-08-03 14:30:00-04:00,28769.638671875,28822.666015625,28762.33984375,28793.130859375,123991793
2026-08-03 15:30:00-04:00,28794.12109375,28816.3125,28748.2890625,28775.466796875,134080000
2026-08-04 09:30:00-04:00,29134.423828125,29439.744140625,29134.423828125,29433.0546875,349976331
2026-08-04 10:30:00-04:00,29435.1875,29540.09765625,29400.435546875,29517.083984375,187195603
2026-08-04 11:30:00-04:00,29514.87109375,29599.20703125,29501.056640625,29585.9609375,142130674
2026-08-04 12:30:00-04:00,29586.580078125,29703.06640625,29577.447265625,29695.30859375,124132110
2026-08-04 13:30:00-04:00,29695.8046875,29775.630859375,29681.841796875,29756.681640625,136301076
2026-08-04 14:30:00-04:00,29756.916015625,29820.876953125,29718.142578125,29771.755859375,161601812
2026-08-04 15:30:00-04:00,29772.01953125,29830.40234375,29727.046875,29727.046875,149045000
2026-08-05 09:30:00-04:00,29867.783203125,29946.62890625,29781.5703125,29791.716796875,0
2026-08-05 10:30:00-04:00,29784.419921875,29784.419921875,29649.40625,29680.68359375,173653521
2026-08-05 11:30:00-04:00,29683.228515625,29729.794921875,29575.251953125,29707.318359375,153541730
2026-08-05 12:30:00-04:00,29711.978515625,29714.00390625,29617.056640625,29630.572265625,106665010
2026-08-05 13:30:00-04:00,29630.072265625,29660.3984375,29611.296875,29648.76171875,102757922
2026-08-05 14:30:00-04:00,29648.392578125,29654.259765625,29598.23046875,29635.396484375,134973435
2026-08-05 15:30:00-04:00,29637.84765625,29640.6875,29471.29296875,29471.29296875,132282000
2026-08-06 09:30:00-04:00,29235.29296875,29553.318359375,29128.048828125,29465.068359375,0
2026-08-06 10:30:00-04:00,29478.939453125,29569.50390625,29419.72265625,29484.146484375,179858078
2026-08-06 11:30:00-04:00,29489.669921875,29511.033203125,29333.0234375,29353.734375,128086504
2026-08-06 12:30:00-04:00,29351.712890625,29456.01953125,29349.982421875,29412.80859375,102286381
2026-08-06 13:30:00-04:00,29411.275390625,29456.521484375,29376.39453125,29438.564453125,97044066
2026-08-06 14:30:00-04:00,29438.3515625,29450.162109375,29381.19140625,29387.556640625,110367269
2026-08-06 15:30:00-04:00,29388.517578125,29421.5546875,29356.892578125,29374.306640625,114829000
2026-08-07 09:30:00-04:00,29607.19921875,29701.505859375,29455.568359375,29645.19140625,0
2026-08-07 10:30:00-04:00,29649.359375,29712.501953125,29552.25,29707.046875,187663968
2026-08-07 11:30:00-04:00,29723.970703125,29738.7421875,29580.4921875,29597.556640625,137313714
2026-08-07 12:30:00-04:00,29599.109375,29665.10546875,29559.58984375,29636.9765625,97296568
2026-08-07 13:30:00-04:00,29635.662109375,29648.013671875,29591.96875,29593.0859375,87974772
2026-08-07 14:30:00-04:00,29591.818359375,29706.28125,29566.466796875,29696.63671875,106684411
2026-08-07 15:30:00-04:00,29695.98046875,29746.697265625,29659.265625,29719.171875,119424891
2026-08-10 09:30:00-04:00,29697.11328125,29783.93359375,29612.5390625,29746.00390625,0
2026-08-10 10:30:00-04:00,29748.701171875,29780.154296875,29644.328125,29667.76171875,152935099
2026-08-10 11:30:00-04:00,29669.396484375,29744.15625,29634.4453125,29696.576171875,113424100
2026-08-10 12:30:00-04:00,29695.48046875,29702.40625,29618.787109375,29678.083984375,106440621
2026-08-10 13:30:00-04:00,29677.1953125,29687.16796875,29633.369140625,29635.759765625,86048723
2026-08-10 14:30:00-04:00,29637.15234375,29684.296875,29632.5,29669.09765625,97736604
2026-08-10 15:30:00-04:00,29671.177734375,29677.453125,29608.916015625,29623.76953125,119801380
2026-08-11 09:30:00-04:00,29688.947265625,29698.62890625,29535.212890625,29668.291015625,0
2026-08-11 10:30:00-04:00,29674.478515625,29693.64453125,29591.662109375,29598.888671875,128805989
2026-08-11 11:30:00-04:00,29596.333984375,29608.615234375,29517.82421875,29535.6796875,105727134
2026-08-11 12:30:00-04:00,29535.333984375,29553.63671875,29468.4453125,29500.69921875,90440635
2026-08-11 13:30:00-04:00,29499.427734375,29529.9609375,29427.609375,29435.009765625,87783796
2026-08-11 14:30:00-04:00,29436.96484375,29518.091796875,29434.251953125,29513.240234375,104705649
2026-08-11 15:30:00-04:00,29520.037109375,29548.349609375,29500.751953125,29522.923828125,114854446
2026-08-12 09:30:00-04:00,29875.94921875,29876.7265625,29750.587890625,29809.75,0
2026-08-12 10:30:00-04:00,29812.916015625,29821.59375,29738.443359375,29764.873046875,160062021
2026-08-12 11:30:00-04:00,29768.169921875,29781.830078125,29716.560546875,29770.888671875,124778568
2026-08-12 12:30:00-04:00,29770.5859375,29819.388671875,29748.044921875,29802.69921875,104538842
2026-08-12 13:30:00-04:00,29803.2578125,29817.109375,29787.84375,29790.98046875,108859027
2026-08-12 14:30:00-04:00,29790.697265625,29824.001953125,29753.162109375,29763.41796875,121232871
2026-08-12 15:30:00-04:00,29761.83203125,29761.861328125,29716.998046875,29743.6953125,125459414
2026-08-13 09:30:00-04:00,29778.51171875,30128.6484375,29757.6171875,30125.68359375,0
2026-08-13 10:30:00-04:00,30125.513671875,30158.552734375,30081.6015625,30090.6171875,170802601
2026-08-13 11:30:00-04:00,30087.544921875,30092.0625,30002.7265625,30078.25,114336014
2026-08-13 12:30:00-04:00,30079.615234375,30140.361328125,30064.15234375,30131.55078125,92400853
2026-08-13 13:30:00-04:00,30132.31640625,30138.25,30079.47265625,30089.263671875,83219951
2026-08-13 14:30:00-04:00,30089.47265625,30168.048828125,30089.47265625,30117.87890625,133328560
2026-08-13 15:30:00-04:00,30115.046875,30122.140625,30068.53125,30085.28125,126419468
2026-08-14 09:30:00-04:00,30155.958984375,30177.462890625,30038.5078125,30061.662109375,0
2026-08-14 10:30:00-04:00,30061.58984375,30079.943359375,29939.515625,29977.40234375,138056310
2026-08-14 11:30:00-04:00,29977.255859375,30013.7109375,29935.353515625,30009.068359375,108769868
2026-08-14 12:30:00-04:00,30008.2109375,30008.712890625,29954.484375,29964.9765625,75346169
2026-08-14 13:30:00-04:00,29965.84765625,29996.5,29957.06640625,29972.248046875,78975262
2026-08-14 14:30:00-04:00,29971.875,30006.591796875,29967.2265625,29997.482421875,85165198
2026-08-14 15:30:00-04:00,29997.91796875,30050.443359375,29994.765625,30050.443359375,110724491
